FRAME_NR,ROBOT_ID,ODOMETRY X,ODOMETRY Y,ODOMETRY THETA,POSITION X,POSITION Y,POSITION THETA,HAS GOAL,X_MIN,X_MAX,Y_MIN,Y_MAX
1,0,-5.259419449878983e-05,0.00020081645372543131,-0.0036822832084017014,-5.259419449878983e-05,0.00020081645372543131,-0.0036822832084017014,False,0,0,0,0,0.0017857551574707031
2,0,-5.259419449878983e-05,0.00020081645372543131,-0.0036822832084017014,-5.259419449878983e-05,0.00020081645372543131,-0.0036822832084017014,False,0,0,0,0,4.428900241851807
3,0,-5.259419449878983e-05,0.00020081645372543131,-0.0036822832084017014,-5.259419449878983e-05,0.00020081645372543131,-0.0036822832084017014,False,0,0,0,0,4.51789927482605
4,0,-5.259419449878983e-05,0.00020081645372543131,-0.0036822832084017014,-5.259419449878983e-05,0.00020081645372543131,-0.0036822832084017014,False,0,0,0,0,4.590600967407227
5,0,-5.259419449878983e-05,0.00020081645372543131,-0.0036822832084017014,-5.259419449878983e-05,0.00020081645372543131,-0.0036822832084017014,False,0,0,0,0,4.664122104644775
6,0,-5.259419449878983e-05,0.00020081645372543131,-0.0036822832084017014,-5.259419449878983e-05,0.00020081645372543131,-0.0036822832084017014,False,0,0,0,0,4.736325025558472
7,0,-5.259419449878983e-05,0.00020081645372543131,-0.0036822832084017014,-5.259419449878983e-05,0.00020081645372543131,-0.0036822832084017014,False,0,0,0,0,4.808725118637085
8,0,-5.259419449878983e-05,0.00020081645372543131,-0.0036822832084017014,-5.259419449878983e-05,0.00020081645372543131,-0.0036822832084017014,False,0,0,0,0,4.880170106887817
9,0,-5.259419449878983e-05,0.00020081645372543131,-0.0036822832084017014,-5.259419449878983e-05,0.00020081645372543131,-0.0036822832084017014,False,0,0,0,0,4.95163369178772
10,0,-5.259419449878983e-05,0.00020081645372543131,-0.0036822832084017014,-5.259419449878983e-05,0.00020081645372543131,-0.0036822832084017014,False,0,0,0,0,5.025095462799072
11,0,-5.259419449878983e-05,0.00020081645372543131,-0.0036822832084017014,-5.259419449878983e-05,0.00020081645372543131,-0.0036822832084017014,False,0,0,0,0,5.1095640659332275
12,0,-5.259419449878983e-05,0.00020081645372543131,-0.0036822832084017014,-5.259419449878983e-05,0.00020081645372543131,-0.0036822832084017014,False,0,0,0,0,5.192578315734863
13,0,0.7079629592582768,-2.7099074739506994,1.7124936459282756,0.7079629592582768,-2.7099074739506994,1.7124936459282756,False,0,0,0,0,5.276279926300049
14,0,0.7082925143078603,-2.7034225283868167,1.7569868173881769,0.7082925143078603,-2.7034225283868167,1.7569868173881769,False,0,0,0,0,5.350139617919922
15,0,0.7072311591998737,-2.7081701302512484,1.8440134355748963,0.7072311591998737,-2.7081701302512484,1.8440134355748963,False,0,0,0,0,5.422724008560181
16,0,0.7040747423519806,-2.704470860134149,2.0189953143806156,0.7040747423519806,-2.704470860134149,2.0189953143806156,False,0,0,0,0,5.492255687713623
17,0,0.6990224953953809,-2.7014928523575525,2.194343208605018,0.6990224953953809,-2.7014928523575525,2.194343208605018,False,0,0,0,0,5.566027402877808
18,0,0.6941304161204517,-2.698238592146374,2.3490579596001435,0.6941304161204517,-2.698238592146374,2.3490579596001435,False,0,0,0,0,5.635812759399414
19,0,0.6895521791002106,-2.692555631930905,2.456863686152458,0.6895521791002106,-2.692555631930905,2.456863686152458,False,0,0,0,0,5.706547021865845
20,0,0.681,-2.69,2.5611,0.681,-2.69,2.5611,False,0,0,0,0,5.774692535400391
21,0,0.677845170227473,-2.683663201211954,2.645079249343236,0.677845170227473,-2.683663201211954,2.645079249343236,False,0,0,0,0,5.845381259918213
22,0,0.6694728356012096,-2.675244746636407,2.746704708492541,0.6694728356012096,-2.675244746636407,2.746704708492541,False,0,0,0,0,5.915515899658203
23,0,0.6636077606477748,-2.6693282001669485,2.8513308800952717,0.6636077606477748,-2.6693282001669485,2.8513308800952717,False,0,0,0,0,5.985551118850708
24,0,0.6544299439740633,-2.663167286675079,2.8817020773850257,0.6544299439740633,-2.663167286675079,2.8817020773850257,False,0,0,0,0,6.058187484741211
25,0,0.6499633997379763,-2.657585458549661,2.9270266748465255,0.6499633997379763,-2.657585458549661,2.9270266748465255,False,0,0,0,0,6.126954793930054
26,0,0.6411773307922801,-2.649660549208685,2.9750308327318145,0.6411773307922801,-2.649660549208685,2.9750308327318145,False,0,0,0,0,6.195239782333374
27,0,0.6360579565432729,-2.64422198901862,2.997157027191433,0.6360579565432729,-2.64422198901862,2.997157027191433,False,0,0,0,0,6.268244981765747
28,0,0.6300130116211378,-2.6406662709347444,3.018066066326565,0.6300130116211378,-2.6406662709347444,3.018066066326565,False,0,0,0,0,6.338391065597534
29,0,0.6212943321454142,-2.6322941450384354,3.0337613221706605,0.6212943321454142,-2.6322941450384354,3.0337613221706605,False,0,0,0,0,6.411541938781738
30,0,0.61469386871517,-2.6285806482219574,3.0614920611595564,0.61469386871517,-2.6285806482219574,3.0614920611595564,False,0,0,0,0,6.480321168899536
31,0,0.6086397455190049,-2.6234542187946874,3.0744891788924313,0.6086397455190049,-2.6234542187946874,3.0744891788924313,False,0,0,0,0,6.550312042236328
32,0,0.6026713856239797,-2.618512987960877,3.0810649740397325,0.6026713856239797,-2.618512987960877,3.0810649740397325,False,0,0,0,0,6.620918273925781
33,0,0.5965656044515526,-2.6126008790373634,3.0928568581243727,0.5965656044515526,-2.6126008790373634,3.0928568581243727,False,0,0,0,0,6.6906678676605225
34,0,0.5882606769601448,-2.6052339614275652,3.111806769206316,0.5882606769601448,-2.6052339614275652,3.111806769206316,False,0,0,0,0,6.761362314224243
35,0,0.582696536573817,-2.5986660957210503,3.110224384413721,0.582696536573817,-2.5986660957210503,3.110224384413721,False,0,0,0,0,6.830246686935425
36,0,0.5786260859674736,-2.5915934054457486,3.126481238411479,0.5786260859674736,-2.5915934054457486,3.126481238411479,False,0,0,0,0,6.900974273681641
37,0,0.572,-2.585,3.1288,0.572,-2.585,3.1288,False,0,0,0,0,6.971331596374512
38,0,0.5696307989485175,-2.57966186607675,3.1205748882248896,0.5696307989485175,-2.57966186607675,3.1205748882248896,False,0,0,0,0,7.04424262046814
39,0,0.5636221772104222,-2.5736239174816546,3.1143,0.5636221772104222,-2.5736239174816546,3.1143,False,0,0,0,0,7.116696834564209
40,0,0.5573504854339982,-2.5692936822221673,3.0567295648238413,0.5573504854339982,-2.5692936822221673,3.0567295648238413,False,0,0,0,0,7.185554027557373
41,0,0.5540633192337264,-2.5674299132205918,3.001629353950719,0.5540633192337264,-2.5674299132205918,3.001629353950719,False,0,0,0,0,7.256567478179932
42,0,0.550154396737081,-2.5637543321160603,2.8226454433154666,0.550154396737081,-2.5637543321160603,2.8226454433154666,False,0,0,0,0,7.328218698501587
43,0,0.5510272842066067,-2.5631575492255085,2.626216559596197,0.5510272842066067,-2.5631575492255085,2.626216559596197,False,0,0,0,0,7.403550863265991
44,0,0.551,-2.565,2.4413,0.551,-2.565,2.4413,False,0,0,0,0,7.4750096797943115
45,0,0.5521206877833074,-2.564188102215157,2.3182570482163127,0.5521206877833074,-2.564188102215157,2.3182570482163127,False,0,0,0,0,7.544739484786987
46,0,0.5500910830257884,-2.564981362946129,2.20778625853618,0.5500910830257884,-2.564981362946129,2.20778625853618,False,0,0,0,0,7.613929510116577
47,0,0.552133519637111,-2.563972761962609,2.058030811240294,0.552133519637111,-2.563972761962609,2.058030811240294,False,0,0,0,0,7.683822870254517
48,0,0.5540008119028121,-2.5640009887080297,1.991032311745011,0.5540008119028121,-2.5640009887080297,1.991032311745011,False,0,0,0,0,7.753485679626465
49,0,0.5530793863100484,-2.563843194705206,1.9183879472584928,0.5530793863100484,-2.563843194705206,1.9183879472584928,False,0,0,0,0,7.823706865310669
50,0,0.5549720282126904,-2.562990423592253,1.886824908364087,0.5549720282126904,-2.562990423592253,1.886824908364087,False,0,0,0,0,7.893901109695435
51,0,0.5540525845159797,-2.564014794428589,1.8082976332227374,0.5540525845159797,-2.564014794428589,1.8082976332227374,False,0,0,0,0,7.96470832824707
52,0,0.5541460909856187,-2.5640026595192573,1.7978554931672435,0.5541460909856187,-2.5640026595192573,1.7978554931672435,False,0,0,0,0,8.034230709075928
53,0,0.5539236949272839,-2.56391319933635,1.7542549315869558,0.5539236949272839,-2.56391319933635,1.7542549315869558,False,0,0,0,0,8.108545064926147
54,0,0.5552576455166097,-2.563889624877741,1.7173352760793021,0.5552576455166097,-2.563889624877741,1.7173352760793021,False,0,0,0,0,8.179678440093994
55,0,0.5539747248689176,-2.5648903150231854,1.6923,0.5539747248689176,-2.5648903150231854,1.6923,False,0,0,0,0,8.24987506866455
56,0,0.5547936494529055,-2.5622290111529007,1.6835631582413257,0.5547936494529055,-2.5622290111529007,1.6835631582413257,False,0,0,0,0,8.320467948913574
57,0,0.5535259418578831,-2.558578310654576,1.6716147299490731,0.5535259418578831,-2.558578310654576,1.6716147299490731,False,0,0,0,0,8.393277168273926
58,0,0.5561099113710918,-2.5475010892855976,1.6550816034498146,0.5561099113710918,-2.5475010892855976,1.6550816034498146,False,0,0,0,0,8.461846113204956
59,0,0.5582119073034958,-2.5259536778664873,1.6265076417678281,0.5582119073034958,-2.5259536778664873,1.6265076417678281,False,0,0,0,0,8.533447027206421
60,0,0.5632641584691062,-2.4868901974400015,1.6040108713824923,0.5632641584691062,-2.4868901974400015,1.6040108713824923,False,0,0,0,0,8.607203722000122
61,0,0.5682105801213669,-2.440936166820276,1.6127176185921723,0.5682105801213669,-2.440936166820276,1.6127176185921723,False,0,0,0,0,8.680145025253296
62,0,0.5727979209944125,-2.3797911091377393,1.566991301561851,0.5727979209944125,-2.3797911091377393,1.566991301561851,False,0,0,0,0,8.749610900878906
63,0,0.583,-2.322,1.526,0.583,-2.322,1.526,False,0,0,0,0,8.820241689682007
64,0,0.5940039861695905,-2.232433003574535,1.5082372915625792,0.5940039861695905,-2.232433003574535,1.5082372915625792,False,0,0,0,0,8.890263080596924
65,0,0.612,-2.15,1.4629,0.612,-2.15,1.4629,False,0,0,0,0,8.960315942764282
66,0,0.6249488604313954,-2.02566632838065,1.440864669874429,0.6249488604313954,-2.02566632838065,1.440864669874429,False,0,0,0,0,9.030730247497559
67,0,0.6491719208453179,-1.9198779020345582,1.4472216545739671,0.6491719208453179,-1.9198779020345582,1.4472216545739671,False,0,0,0,0,9.099695444107056
68,0,0.6674740213403808,-1.802939197641959,1.4562157193082161,0.6674740213403808,-1.802939197641959,1.4562157193082161,False,0,0,0,0,9.16948127746582
69,0,0.6833361637436645,-1.6958170734643725,1.4400822677484633,0.6833361637436645,-1.6958170734643725,1.4400822677484633,False,0,0,0,0,9.239118099212646
70,0,0.6965588557241438,-1.5695245388119765,1.4754447094624363,0.6965588557241438,-1.5695245388119765,1.4754447094624363,False,0,0,0,0,9.308797836303711
71,0,0.7074914447530415,-1.4459887099050568,1.5111174054193743,0.7074914447530415,-1.4459887099050568,1.5111174054193743,False,0,0,0,0,9.381430387496948
72,0,0.7055190436282611,-1.3427924942173088,1.539540323207908,0.7055190436282611,-1.3427924942173088,1.539540323207908,False,0,0,0,0,9.450604438781738
73,0,0.6989403523445276,-1.1815999553223067,1.5717732643397941,0.6989403523445276,-1.1815999553223067,1.5717732643397941,False,0,0,0,0,9.520994663238525
74,0,0.6947095045927427,-1.0584430560246578,1.573067597657615,0.6947095045927427,-1.0584430560246578,1.573067597657615,False,0,0,0,0,9.590584516525269
75,0,0.6869580158742478,-0.9249327273136245,1.5764500287121423,0.6869580158742478,-0.9249327273136245,1.5764500287121423,False,0,0,0,0,9.659825563430786
76,0,0.6801202037398439,-0.780025705082334,1.551315016728228,0.6801202037398439,-0.780025705082334,1.551315016728228,False,0,0,0,0,9.729527473449707
77,0,0.6752194038458417,-0.6352719479896233,1.5455338081073975,0.6752194038458417,-0.6352719479896233,1.5455338081073975,False,0,0,0,0,9.79765510559082
78,0,0.675,-0.548,1.5516,0.675,-0.548,1.5516,False,0,0,0,0,9.867218494415283
79,0,0.671,-0.385,1.5385,0.671,-0.385,1.5385,False,0,0,0,0,9.938084602355957
80,0,0.6485748627085912,-0.26504970820820206,1.5334368198206445,0.6485748627085912,-0.26504970820820206,1.5334368198206445,False,0,0,0,0,10.006684303283691
81,0,0.6464219578193444,-0.1273192892540276,1.5594569816987152,0.6464219578193444,-0.1273192892540276,1.5594569816987152,False,0,0,0,0,10.077862739562988
82,0,0.643283566279608,0.014688383721774336,1.5644686918890993,0.643283566279608,0.014688383721774336,1.5644686918890993,False,0,0,0,0,10.15724515914917
83,0,0.6480801767693888,0.14881651261766465,1.5893810838957487,0.6480801767693888,0.14881651261766465,1.5893810838957487,False,0,0,0,0,10.23630952835083
84,0,0.6463467693275063,0.25487969185010473,1.5855969007618078,0.6463467693275063,0.25487969185010473,1.5855969007618078,False,0,0,0,0,10.304180383682251
85,0,0.6437561202343972,0.3350415676885009,1.5741099262586977,0.6437561202343972,0.3350415676885009,1.5741099262586977,False,0,0,0,0,10.371162176132202
86,0,0.6355064071021232,0.5253919953096974,1.56803407239441,0.6355064071021232,0.5253919953096974,1.56803407239441,False,0,0,0,0,10.441391706466675
87,0,0.6375145115153217,0.6480559403386448,1.5546822601129737,0.6375145115153217,0.6480559403386448,1.5546822601129737,False,0,0,0,0,10.508151054382324
88,0,0.6429850329819763,0.7696402651659412,1.5573206662305397,0.6429850329819763,0.7696402651659412,1.5573206662305397,False,0,0,0,0,10.575770854949951
89,0,0.6464872459891176,0.8782906058240944,1.5744373630751274,0.6464872459891176,0.8782906058240944,1.5744373630751274,False,0,0,0,0,10.641830444335938
90,0,0.6503514572639032,1.007017786657195,1.5682596307637602,0.6503514572639032,1.007017786657195,1.5682596307637602,False,0,0,0,0,10.707442998886108
91,0,0.645698299290294,1.1194314755693973,1.5796008241339345,0.645698299290294,1.1194314755693973,1.5796008241339345,False,0,0,0,0,10.774187803268433
92,0,0.642440472685853,1.2208307493942827,1.589389149847912,0.642440472685853,1.2208307493942827,1.589389149847912,False,0,0,0,0,10.839159727096558
93,0,0.6410934237775656,1.3346014165790607,1.5926731175230882,0.6410934237775656,1.3346014165790607,1.5926731175230882,False,0,0,0,0,10.905725002288818
94,0,0.6379803453623775,1.4277337154313021,1.61315578566353,0.6379803453623775,1.4277337154313021,1.61315578566353,False,0,0,0,0,10.972439527511597
95,0,0.6277986464477991,1.5280575725787529,1.6169129136302018,0.6277986464477991,1.5280575725787529,1.6169129136302018,False,0,0,0,0,11.038298606872559
96,0,0.6270066236702357,1.6121815853052677,1.641286811438514,0.6270066236702357,1.6121815853052677,1.641286811438514,False,0,0,0,0,11.105308532714844
97,0,0.616,1.678,1.7577,0.616,1.678,1.7577,False,0,0,0,0,11.171271800994873
98,0,0.6041402622791363,1.7275955594402224,1.7677204520231773,0.6041402622791363,1.7275955594402224,1.7677204520231773,False,0,0,0,0,11.241512537002563
99,0,0.5966025267400619,1.7656864308500941,1.8016902575614238,0.5966025267400619,1.7656864308500941,1.8016902575614238,False,0,0,0,0,11.308246374130249
100,0,0.5935845335861504,1.805797636298652,1.7687401956822568,0.5935845335861504,1.805797636298652,1.7687401956822568,False,0,0,0,0,11.393095254898071
101,0,0.5884217190897043,1.8369135721035619,1.7482790545609268,0.5884217190897043,1.8369135721035619,1.7482790545609268,False,0,0,0,0,11.468974828720093
102,0,0.5908005764021367,1.859018186218807,1.7385754733487035,0.5908005764021367,1.859018186218807,1.7385754733487035,False,0,0,0,0,11.537084817886353
103,0,0.5868924892822382,1.886875798970406,1.7237877767474747,0.5868924892822382,1.886875798970406,1.7237877767474747,False,0,0,0,0,11.605718851089478
104,0,0.5872097286578648,1.9113528445800887,1.7060039401983917,0.5872097286578648,1.9113528445800887,1.7060039401983917,False,0,0,0,0,11.674062252044678
105,0,0.5863994937241234,1.9377755555982057,1.675588843109918,0.5863994937241234,1.9377755555982057,1.675588843109918,False,0,0,0,0,11.740447998046875
106,0,0.5835384184975824,1.9609660773885356,1.67077058994163,0.5835384184975824,1.9609660773885356,1.67077058994163,False,0,0,0,0,11.814149379730225
107,0,0.5796205063100048,1.9825930040931579,1.6696065865253447,0.5796205063100048,1.9825930040931579,1.6696065865253447,False,0,0,0,0,11.881896495819092
108,0,0.5777322100342684,2.0023523587957532,1.6551946732485592,0.5777322100342684,2.0023523587957532,1.6551946732485592,False,0,0,0,0,11.950257539749146
109,0,0.5772684051082178,2.0253850157085234,1.6586203082187876,0.5772684051082178,2.0253850157085234,1.6586203082187876,False,0,0,0,0,12.017250061035156
110,0,0.5738537206505719,2.046064822364447,1.6291,0.5738537206505719,2.046064822364447,1.6291,False,0,0,0,0,12.092447757720947
111,0,0.5734281251027027,2.062859240397952,1.6202013251982776,0.5734281251027027,2.062859240397952,1.6202013251982776,False,0,0,0,0,12.159995555877686
112,0,0.5735879131174545,2.078451178554415,1.6224826755391246,0.5735879131174545,2.078451178554415,1.6224826755391246,False,0,0,0,0,12.226217269897461
113,0,0.5707721906732255,2.095221027077633,1.622029194106305,0.5707721906732255,2.095221027077633,1.622029194106305,False,0,0,0,0,12.29371690750122
114,0,0.5703095915328037,2.11100498114951,1.6080858491049284,0.5703095915328037,2.11100498114951,1.6080858491049284,False,0,0,0,0,12.361458539962769
115,0,0.5674203156756321,2.124582181318958,1.5955460115904891,0.5674203156756321,2.124582181318958,1.5955460115904891,False,0,0,0,0,12.433079719543457
116,0,0.5658630453105693,2.143196591348264,1.607577871964027,0.5658630453105693,2.143196591348264,1.607577871964027,False,0,0,0,0,12.501969575881958
117,0,0.5598110781975117,2.154229608747847,1.6015110798093017,0.5598110781975117,2.154229608747847,1.6015110798093017,False,0,0,0,0,12.571072340011597
118,0,0.5586934978041945,2.1658926271957393,1.5945313905963039,0.5586934978041945,2.1658926271957393,1.5945313905963039,False,0,0,0,0,12.637776374816895
119,0,0.5564009949929509,2.1808699086525802,1.5863624163482408,0.5564009949929509,2.1808699086525802,1.5863624163482408,False,0,0,0,0,12.704632997512817
120,0,0.5548738016249843,2.19284000554908,1.5815107286717305,0.5548738016249843,2.19284000554908,1.5815107286717305,False,0,0,0,0,12.7699875831604
121,0,0.5527813178600175,2.203262151039146,1.5936856275169058,0.5527813178600175,2.203262151039146,1.5936856275169058,False,0,0,0,0,12.836621761322021
122,0,0.5529222255763235,2.2142211035734296,1.5902980386609467,0.5529222255763235,2.2142211035734296,1.5902980386609467,False,0,0,0,0,12.903670310974121
123,0,0.5505999271370015,2.2260473403969767,1.5874289302720317,0.5505999271370015,2.2260473403969767,1.5874289302720317,False,0,0,0,0,12.970726251602173
124,0,0.549393695283727,2.2362555652054135,1.5897740192146648,0.549393695283727,2.2362555652054135,1.5897740192146648,False,0,0,0,0,13.039099931716919
125,0,0.5477175831112019,2.2465755396425853,1.5928,0.5477175831112019,2.2465755396425853,1.5928,False,0,0,0,0,13.105784177780151
126,0,0.5456623597597642,2.257448000106644,1.5759,0.5456623597597642,2.257448000106644,1.5759,False,0,0,0,0,13.171571254730225
127,0,0.543,2.267,1.579,0.543,2.267,1.579,False,0,0,0,0,13.237510204315186
128,0,0.5414027354107751,2.276530663175297,1.5815046739919485,0.5414027354107751,2.276530663175297,1.5815046739919485,False,0,0,0,0,13.3025541305542
129,0,0.5402679720834881,2.285659147832847,1.5861758767334355,0.5402679720834881,2.285659147832847,1.5861758767334355,False,0,0,0,0,13.369335174560547
130,0,0.5404503842519686,2.2956581808919485,1.5863336635904932,0.5404503842519686,2.2956581808919485,1.5863336635904932,False,0,0,0,0,13.439911603927612
131,0,0.5412913454576138,2.306669371017724,1.5761261414691818,0.5412913454576138,2.306669371017724,1.5761261414691818,False,0,0,0,0,13.507322788238525
132,0,0.5375906500040014,2.315851234476803,1.581612336818951,0.5375906500040014,2.315851234476803,1.581612336818951,False,0,0,0,0,13.576897621154785
133,0,0.5369235665187031,2.321617576198855,1.5797345680329804,0.5369235665187031,2.321617576198855,1.5797345680329804,False,0,0,0,0,13.643234729766846
134,0,0.5367502825833703,2.3313204648841936,1.583282147367963,0.5367502825833703,2.3313204648841936,1.583282147367963,False,0,0,0,0,13.711089372634888
135,0,0.5345521551294846,2.339479425077298,1.5853689603632632,0.5345521551294846,2.339479425077298,1.5853689603632632,False,0,0,0,0,13.776280879974365
136,0,0.5312750215409865,2.3460671070127037,1.5855747465573822,0.5312750215409865,2.3460671070127037,1.5855747465573822,False,0,0,0,0,13.843127489089966
137,0,0.5316324155208685,2.356331033535508,1.5654253855424853,0.5316324155208685,2.356331033535508,1.5654253855424853,False,0,0,0,0,13.910814762115479
138,0,0.5326758076997783,2.3626650153427495,1.5812328364318493,0.5326758076997783,2.3626650153427495,1.5812328364318493,False,0,0,0,0,13.978523015975952
139,0,0.5306965292822836,2.371651470192381,1.575589157012704,0.5306965292822836,2.371651470192381,1.575589157012704,False,0,0,0,0,14.046077489852905
140,0,0.531521781987912,2.3787382787869666,1.575677545311045,0.531521781987912,2.3787382787869666,1.575677545311045,False,0,0,0,0,14.118269443511963
141,0,0.5306179672847587,2.3850645498449805,1.5748839979509117,0.5306179672847587,2.3850645498449805,1.5748839979509117,False,0,0,0,0,14.185862302780151
142,0,0.5288045954826697,2.3915244074993196,1.583656095043929,0.5288045954826697,2.3915244074993196,1.583656095043929,False,0,0,0,0,14.253511428833008
143,0,0.5279857513729374,2.4013905307881687,1.5694609264205424,0.5279857513729374,2.4013905307881687,1.5694609264205424,False,0,0,0,0,14.319666862487793
144,0,0.5254959386912126,2.407106431943619,1.5636564912638355,0.5254959386912126,2.407106431943619,1.5636564912638355,False,0,0,0,0,14.386695146560669
145,0,0.5226489122052531,2.4112639756024725,1.5039054035455988,0.5226489122052531,2.4112639756024725,1.5039054035455988,False,0,0,0,0,14.458353281021118
146,0,0.5219157802217009,2.415881572902408,1.4248841669655852,0.5219157802217009,2.415881572902408,1.4248841669655852,False,0,0,0,0,14.525391101837158
147,0,0.5211004875814014,2.4160016701485962,1.231086524638744,0.5211004875814014,2.4160016701485962,1.231086524638744,False,0,0,0,0,14.593673467636108
148,0,0.5229999454728967,2.415050670584595,1.0603427774184584,0.5229999454728967,2.415050670584595,1.0603427774184584,False,0,0,0,0,14.661783456802368
149,0,0.5230405231480949,2.4150140862404936,0.912054235370022,0.5230405231480949,2.4150140862404936,0.912054235370022,False,0,0,0,0,14.729377508163452
150,0,0.522,2.416,0.7783,0.522,2.416,0.7783,False,0,0,0,0,14.795846462249756
151,0,0.521795617883696,2.415092100655379,0.6716790841054436,0.521795617883696,2.415092100655379,0.6716790841054436,False,0,0,0,0,14.861912965774536
152,0,0.5202826970427131,2.414837143957454,0.5014768876690427,0.5202826970427131,2.414837143957454,0.5014768876690427,False,0,0,0,0,14.931832551956177
153,0,0.5222020248913618,2.4142800077524575,0.4382557089505122,0.5222020248913618,2.4142800077524575,0.4382557089505122,False,0,0,0,0,15.00102686882019
154,0,0.5198173057394319,2.4129758940165242,0.3816324925650328,0.5198173057394319,2.4129758940165242,0.3816324925650328,False,0,0,0,0,15.074787378311157
155,0,0.5213559866208702,2.4148954246006586,0.3120714725132847,0.5213559866208702,2.4148954246006586,0.3120714725132847,False,0,0,0,0,15.15098524093628
156,0,0.522,2.415,0.2699,0.522,2.415,0.2699,False,0,0,0,0,15.229058742523193
157,0,0.522161785586004,2.414952813459328,0.2406778934243396,0.522161785586004,2.414952813459328,0.2406778934243396,False,0,0,0,0,15.29640007019043
158,0,0.5209759701711576,2.412923611385601,0.18315648072639315,0.5209759701711576,2.412923611385601,0.18315648072639315,False,0,0,0,0,15.36351490020752
159,0,0.521,2.413,0.1651,0.521,2.413,0.1651,False,0,0,0,0,15.43489670753479
160,0,0.524376728302375,2.415219720676445,0.15549841520665122,0.524376728302375,2.415219720676445,0.15549841520665122,False,0,0,0,0,15.501823425292969
161,0,0.5259401252877518,2.413131880429803,0.15419246572993878,0.5259401252877518,2.413131880429803,0.15419246572993878,False,0,0,0,0,15.568429708480835
162,0,0.5299862260777549,2.413144345354046,0.11889013011046393,0.5299862260777549,2.413144345354046,0.11889013011046393,False,0,0,0,0,15.635952472686768
163,0,0.5571284780152702,2.415860432890649,0.11387583037214655,0.5571284780152702,2.415860432890649,0.11387583037214655,False,0,0,0,0,15.702950954437256
164,0,0.5790808077131192,2.4068301101701244,0.05887595902238163,0.5790808077131192,2.4068301101701244,0.05887595902238163,False,0,0,0,0,15.77047324180603
165,0,0.6222411229012433,2.4044193469927273,-0.026886549982458686,0.6222411229012433,2.4044193469927273,-0.026886549982458686,False,0,0,0,0,15.838820934295654
166,0,0.6766164468606305,2.3946422318577096,0.009764722717985862,0.6766164468606305,2.3946422318577096,0.009764722717985862,False,0,0,0,0,15.90572452545166
167,0,0.7340326003278281,2.383980486492425,-0.030344501204046286,0.7340326003278281,2.383980486492425,-0.030344501204046286,False,0,0,0,0,15.9744131565094
168,0,0.7965046777678618,2.372101380783498,-0.03658897025716367,0.7965046777678618,2.372101380783498,-0.03658897025716367,False,0,0,0,0,16.04088282585144
169,0,0.8756704200955211,2.356106874935857,-0.07790509999661976,0.8756704200955211,2.356106874935857,-0.07790509999661976,False,0,0,0,0,16.10932755470276
170,0,0.9593983859354847,2.3488537977177018,-0.11293607654213764,0.9593983859354847,2.3488537977177018,-0.11293607654213764,False,0,0,0,0,16.17613196372986
171,0,1.0627981360810252,2.320795687177319,-0.112305329908091,1.0627981360810252,2.320795687177319,-0.112305329908091,False,0,0,0,0,16.24573278427124
172,0,1.1726801064448762,2.3069953300833093,-0.08998263260022456,1.1726801064448762,2.3069953300833093,-0.08998263260022456,False,0,0,0,0,16.31405758857727
173,0,1.262,2.298,-0.0489,1.262,2.298,-0.0489,False,0,0,0,0,16.38230299949646
174,0,1.3655637575182846,2.2974598794399594,-0.029508298331505388,1.3655637575182846,2.2974598794399594,-0.029508298331505388,False,0,0,0,0,16.453739166259766
175,0,1.4519523968888395,2.2932258817425395,-0.009910827680183011,1.4519523968888395,2.2932258817425395,-0.009910827680183011,False,0,0,0,0,16.52179718017578
176,0,1.5426531248032016,2.2958775350744216,0.004235604635868086,1.5426531248032016,2.2958775350744216,0.004235604635868086,False,0,0,0,0,16.59000825881958
177,0,1.633318458551966,2.297714706405294,0.03060023821804451,1.633318458551966,2.297714706405294,0.03060023821804451,False,0,0,0,0,16.658591747283936
178,0,1.691900466077203,2.3020595437047096,0.08751550800096251,1.691900466077203,2.3020595437047096,0.08751550800096251,False,0,0,0,0,16.726147413253784
179,0,1.7462523352396604,2.3107556017098885,0.11602948759888167,1.7462523352396604,2.3107556017098885,0.11602948759888167,False,0,0,0,0,16.793763399124146
180,0,1.7932244921137508,2.3279400033976447,0.15720275077783577,1.7932244921137508,2.3279400033976447,0.15720275077783577,False,0,0,0,0,16.860938787460327
181,0,1.824,2.341,0.1206,1.824,2.341,0.1206,False,0,0,0,0,16.927956581115723
182,0,1.851904066194475,2.3482207368721943,0.12733131608295126,1.851904066194475,2.3482207368721943,0.12733131608295126,False,0,0,0,0,16.994134664535522
183,0,1.875467182312828,2.353423565146533,0.08403544632609077,1.875467182312828,2.353423565146533,0.08403544632609077,False,0,0,0,0,17.060817003250122
184,0,1.899917868075599,2.3570881329074203,0.08858235657204379,1.899917868075599,2.3570881329074203,0.08858235657204379,False,0,0,0,0,17.131515502929688
185,0,1.9213957211287769,2.358427615723159,0.07975055253830292,1.9213957211287769,2.358427615723159,0.07975055253830292,False,0,0,0,0,17.198702812194824
186,0,1.9455511405405945,2.359834319166874,0.07457040249211362,1.9455511405405945,2.359834319166874,0.07457040249211362,False,0,0,0,0,17.26416039466858
187,0,1.9672650445661632,2.360929844995536,0.06302659683347818,1.9672650445661632,2.360929844995536,0.06302659683347818,False,0,0,0,0,17.33265233039856
188,0,1.989165001972383,2.3664259881622214,0.0615692520016935,1.989165001972383,2.3664259881622214,0.0615692520016935,False,0,0,0,0,17.39911198616028
189,0,2.013,2.37,0.048,2.013,2.37,0.048,False,0,0,0,0,17.471538305282593
190,0,2.030415811451621,2.3750483969230816,0.03491018698049249,2.030415811451621,2.3750483969230816,0.03491018698049249,False,0,0,0,0,17.538369178771973
191,0,2.049229833278562,2.379070064845992,0.029185597782022205,2.049229833278562,2.379070064845992,0.029185597782022205,False,0,0,0,0,17.605440855026245
192,0,2.065172318311349,2.382443808426919,0.0282,2.065172318311349,2.382443808426919,0.0282,False,0,0,0,0,17.671306848526
193,0,2.082855379097835,2.3872099659868966,0.022479255379576228,2.082855379097835,2.3872099659868966,0.022479255379576228,False,0,0,0,0,17.739535093307495
194,0,2.094514653196115,2.390573875984753,0.02645312032095561,2.094514653196115,2.390573875984753,0.02645312032095561,False,0,0,0,0,17.806371688842773
195,0,2.1112460615217525,2.3947167176805144,0.025435869967722385,2.1112460615217525,2.3947167176805144,0.025435869967722385,False,0,0,0,0,17.8757164478302
196,0,2.1271915760337157,2.396262129457506,0.021639578802639718,2.1271915760337157,2.396262129457506,0.021639578802639718,False,0,0,0,0,17.94672966003418
197,0,2.144131372062636,2.4037897360689446,0.004712932799837994,2.144131372062636,2.4037897360689446,0.004712932799837994,False,0,0,0,0,18.02702236175537
198,0,2.1608960027223656,2.406546439818505,0.008524105432457718,2.1608960027223656,2.406546439818505,0.008524105432457718,False,0,0,0,0,18.098389148712158
199,0,2.1727867820112308,2.4115152868114116,0.03022075244953097,2.1727867820112308,2.4115152868114116,0.03022075244953097,False,0,0,0,0,18.167503356933594
200,0,2.1843886517692015,2.4122868443330345,0.024013439765543272,2.1843886517692015,2.4122868443330345,0.024013439765543272,False,0,0,0,0,18.23793911933899
201,0,2.196446564833976,2.415121751291889,0.02806801343810719,2.196446564833976,2.415121751291889,0.02806801343810719,False,0,0,0,0,18.304221868515015
202,0,2.206355696927686,2.4182413521020725,0.02223491871403978,2.206355696927686,2.4182413521020725,0.02223491871403978,False,0,0,0,0,18.371374130249023
203,0,2.2163070745208375,2.4195075226625202,0.014040546606067933,2.2163070745208375,2.4195075226625202,0.014040546606067933,False,0,0,0,0,18.439215421676636
204,0,2.228951143304782,2.4207516025442932,0.012535010526636765,2.228951143304782,2.4207516025442932,0.012535010526636765,False,0,0,0,0,18.506687879562378
205,0,2.2373971244877255,2.4249892113883083,0.024484596630007703,2.2373971244877255,2.4249892113883083,0.024484596630007703,False,0,0,0,0,18.57580018043518
206,0,2.2512583021678347,2.428591153294398,0.020880857158639552,2.2512583021678347,2.428591153294398,0.020880857158639552,False,0,0,0,0,18.642702102661133
207,0,2.2577740905332644,2.4311396868721125,0.027740705273476475,2.2577740905332644,2.4311396868721125,0.027740705273476475,False,0,0,0,0,18.709119081497192
208,0,2.2687190614380968,2.430144779580941,0.03737765801338101,2.2687190614380968,2.430144779580941,0.03737765801338101,False,0,0,0,0,18.777501106262207
209,0,2.277402392674903,2.4313455723170794,0.025344272999355075,2.277402392674903,2.4313455723170794,0.025344272999355075,False,0,0,0,0,18.84312391281128
210,0,2.2868995629753397,2.4326255937586274,0.029557519955599118,2.2868995629753397,2.4326255937586274,0.029557519955599118,False,0,0,0,0,18.91069269180298
211,0,2.2980268035356515,2.435121878605925,0.022654077193266897,2.2980268035356515,2.435121878605925,0.022654077193266897,False,0,0,0,0,18.9779212474823
212,0,2.306556012500155,2.4405750052867057,0.021215585395836543,2.306556012500155,2.4405750052867057,0.021215585395836543,False,0,0,0,0,19.045523643493652
213,0,2.311300401582618,2.443497586379946,0.019535597408173348,2.311300401582618,2.443497586379946,0.019535597408173348,False,0,0,0,0,19.1132595539093
214,0,2.3236130957948227,2.445125681780395,0.01240729914768689,2.3236130957948227,2.445125681780395,0.01240729914768689,False,0,0,0,0,19.18008279800415
215,0,2.3330241857634118,2.4470033489627996,0.009662272504137997,2.3330241857634118,2.4470033489627996,0.009662272504137997,False,0,0,0,0,19.247141122817993
216,0,2.3410282765174264,2.448771312533045,0.009750371014430766,2.3410282765174264,2.448771312533045,0.009750371014430766,False,0,0,0,0,19.31541109085083
217,0,2.3465015087775334,2.4502384228019203,0.019003308976300284,2.3465015087775334,2.4502384228019203,0.019003308976300284,False,0,0,0,0,19.381965398788452
218,0,2.355748187426474,2.451331519069559,0.013412799458029928,2.355748187426474,2.451331519069559,0.013412799458029928,False,0,0,0,0,19.456836938858032
219,0,2.3630462672873347,2.456216999672447,0.003727751670399319,2.3630462672873347,2.456216999672447,0.003727751670399319,False,0,0,0,0,19.523359537124634
220,0,2.3693876233093896,2.4587489921363015,0.011875959748873437,2.3693876233093896,2.4587489921363015,0.011875959748873437,False,0,0,0,0,19.591947317123413
221,0,2.380745516325901,2.462637168437364,0.0069,2.380745516325901,2.462637168437364,0.0069,False,0,0,0,0,19.659814596176147
222,0,2.3871895048461322,2.463340256881579,-0.0015,2.3871895048461322,2.463340256881579,-0.0015,False,0,0,0,0,19.72688055038452
223,0,2.393547510432306,2.466114566307939,0.015094846927375739,2.393547510432306,2.466114566307939,0.015094846927375739,False,0,0,0,0,19.79423952102661
224,0,2.401,2.468,0.0179,2.401,2.468,0.0179,False,0,0,0,0,19.862432956695557
225,0,2.407711903219322,2.469834061299982,0.013507697115174726,2.407711903219322,2.469834061299982,0.013507697115174726,False,0,0,0,0,19.92892861366272
226,0,2.4118066488397627,2.4710466302618186,-0.0794415084463175,2.4118066488397627,2.4710466302618186,-0.0794415084463175,False,0,0,0,0,19.998003244400024
227,0,2.4121555555459895,2.4715627285053654,-0.28115604720727,2.4121555555459895,2.4715627285053654,-0.28115604720727,False,0,0,0,0,20.06473970413208
228,0,2.4179328881645326,2.469214684168196,-0.307731285001289,2.4179328881645326,2.469214684168196,-0.307731285001289,False,0,0,0,0,20.14484167098999
229,0,2.4159668146698428,2.472066569925465,-0.6189250853819563,2.4159668146698428,2.472066569925465,-0.6189250853819563,False,0,0,0,0,20.22394371032715
230,0,2.417161052538536,2.471471710978945,-0.7449450662681634,2.417161052538536,2.471471710978945,-0.7449450662681634,False,0,0,0,0,20.29357385635376
231,0,2.416146648817683,2.4709900460566288,-0.8803562338353419,2.416146648817683,2.4709900460566288,-0.8803562338353419,False,0,0,0,0,20.361088514328003
232,0,2.418071170264673,2.4702692123178758,-0.9809134387441637,2.418071170264673,2.4702692123178758,-0.9809134387441637,False,0,0,0,0,20.427029848098755
233,0,2.417885929502653,2.4691060224964048,-1.0677003105036762,2.417885929502653,2.4691060224964048,-1.0677003105036762,False,0,0,0,0,20.498117208480835
234,0,2.4179805248053623,2.4690940933184957,-1.1230179696844929,2.4179805248053623,2.4690940933184957,-1.1230179696844929,False,0,0,0,0,20.564013719558716
235,0,2.417007632315604,2.471013282057582,-1.2114386619324073,2.417007632315604,2.471013282057582,-1.2114386619324073,False,0,0,0,0,20.632315635681152
236,0,2.4169520824413184,2.4710348281720154,-1.2699018987714927,2.4169520824413184,2.4710348281720154,-1.2699018987714927,False,0,0,0,0,20.704129457473755
237,0,2.417,2.472,-1.3023,2.417,2.472,-1.3023,False,0,0,0,0,20.771524906158447
238,0,2.4162884897337844,2.472061105592346,-1.3403590017346019,2.4162884897337844,2.472061105592346,-1.3403590017346019,False,0,0,0,0,20.83911442756653
239,0,2.4160776816460428,2.4719667756084314,-1.3964318451217488,2.4160776816460428,2.4719667756084314,-1.3964318451217488,False,0,0,0,0,20.906482696533203
240,0,2.415958398655528,2.47295936941268,-1.4235628151790212,2.415958398655528,2.47295936941268,-1.4235628151790212,False,0,0,0,0,20.97363042831421
241,0,2.4160130417808237,2.4719918562747463,-1.4325,2.4160130417808237,2.4719918562747463,-1.4325,False,0,0,0,0,21.03965401649475
242,0,2.4160127396922664,2.471993544343536,-1.4407,2.4160127396922664,2.471993544343536,-1.4407,False,0,0,0,0,21.10658884048462
243,0,2.415985156343628,2.4717592484625297,-1.4362268328200773,2.415985156343628,2.4717592484625297,-1.4362268328200773,False,0,0,0,0,21.172879457473755
244,0,2.415995060587635,2.470978304442911,-1.4491046424518434,2.415995060587635,2.470978304442911,-1.4491046424518434,False,0,0,0,0,21.24465584754944
245,0,2.417,2.464,-1.4592,2.417,2.464,-1.4592,False,0,0,0,0,21.311253309249878
246,0,2.4160608392657075,2.438041762566626,-1.5449633422208051,2.4160608392657075,2.438041762566626,-1.5449633422208051,False,0,0,0,0,21.378612518310547
247,0,2.415132259491041,2.4184665250284576,-1.5293213161988115,2.415132259491041,2.4184665250284576,-1.5293213161988115,False,0,0,0,0,21.445194005966187
248,0,2.403974917619061,2.3672631954290746,-1.57406155825636,2.403974917619061,2.3672631954290746,-1.57406155825636,False,0,0,0,0,21.516190767288208
249,0,2.395015472723899,2.3225883970899983,-1.603928792352439,2.395015472723899,2.3225883970899983,-1.603928792352439,False,0,0,0,0,21.584076166152954
250,0,2.3828585984613984,2.2648094593879464,-1.6247117072575517,2.3828585984613984,2.2648094593879464,-1.6247117072575517,False,0,0,0,0,21.651007175445557
251,0,2.3758576273885894,2.1864335115759306,-1.7195898014155264,2.3758576273885894,2.1864335115759306,-1.7195898014155264,False,0,0,0,0,21.71842360496521
252,0,2.354089765381169,2.1080549220879976,-1.6918421766702,2.354089765381169,2.1080549220879976,-1.6918421766702,False,0,0,0,0,21.78539204597473
253,0,2.338,2.028,-1.6783,2.338,2.028,-1.6783,False,0,0,0,0,21.85220217704773
254,0,2.329026832484046,1.9156382000537058,-1.685469507926471,2.329026832484046,1.9156382000537058,-1.685469507926471,False,0,0,0,0,21.918688535690308
255,0,2.3103149253750637,1.8249116066983113,-1.6838037079493584,2.3103149253750637,1.8249116066983113,-1.6838037079493584,False,0,0,0,0,21.985832691192627
256,0,2.295878265851626,1.7043657487285928,-1.692340573152831,2.295878265851626,1.7043657487285928,-1.692340573152831,False,0,0,0,0,22.05348491668701
257,0,2.281791378583856,1.5747647437032346,-1.6951576063566962,2.281791378583856,1.5747647437032346,-1.6951576063566962,False,0,0,0,0,22.121020317077637
258,0,2.271895094043753,1.466771318490125,-1.668372150436343,2.271895094043753,1.466771318490125,-1.668372150436343,False,0,0,0,0,22.188164472579956
259,0,2.26581617631347,1.345380569163725,-1.623964651499985,2.26581617631347,1.345380569163725,-1.623964651499985,False,0,0,0,0,22.255892276763916
260,0,2.263,1.232,-1.5996,2.263,1.232,-1.5996,False,0,0,0,0,22.323756456375122
261,0,2.27140107830712,1.0944245477310934,-1.5735264678638599,2.27140107830712,1.0944245477310934,-1.5735264678638599,False,0,0,0,0,22.39071536064148
262,0,2.272418279917851,0.9645274994572106,-1.5581367360198923,2.272418279917851,0.9645274994572106,-1.5581367360198923,False,0,0,0,0,22.457534313201904
263,0,2.27200306221559,0.8542426805891955,-1.5561840285147832,2.27200306221559,0.8542426805891955,-1.5561840285147832,False,0,0,0,0,22.527716875076294
264,0,2.2754318902647284,0.7356189271316238,-1.5763662533866305,2.2754318902647284,0.7356189271316238,-1.5763662533866305,False,0,0,0,0,22.595256328582764
265,0,2.2792867183635006,0.6010268316688503,-1.5764133404759233,2.2792867183635006,0.6010268316688503,-1.5764133404759233,False,0,0,0,0,22.66041350364685
266,0,2.282832811221543,0.46001618525967525,-1.5686552702732677,2.282832811221543,0.46001618525967525,-1.5686552702732677,False,0,0,0,0,22.72809863090515
267,0,2.291672312034928,0.34095493253093295,-1.5681841695560272,2.291672312034928,0.34095493253093295,-1.5681841695560272,False,0,0,0,0,22.794618129730225
268,0,2.292413891989658,0.20421748099993292,-1.5707157085828636,2.292413891989658,0.20421748099993292,-1.5707157085828636,False,0,0,0,0,22.862591981887817
269,0,2.295442190862812,0.07228251038792634,-1.5718574081084906,2.295442190862812,0.07228251038792634,-1.5718574081084906,False,0,0,0,0,22.93017292022705
270,0,2.29838179634074,-0.06901105328459513,-1.5740088406046995,2.29838179634074,-0.06901105328459513,-1.5740088406046995,False,0,0,0,0,22.997992992401123
271,0,2.3109090310779012,-0.15287205451218233,-1.5745873186961121,2.3109090310779012,-0.15287205451218233,-1.5745873186961121,False,0,0,0,0,23.064258575439453
272,0,2.3128827909490215,-0.2648978235185253,-1.5687706181786618,2.3128827909490215,-0.2648978235185253,-1.5687706181786618,False,0,0,0,0,23.130968809127808
273,0,2.316,-0.318,-1.579,2.316,-0.318,-1.579,False,0,0,0,0,23.19559907913208
274,0,2.342,-0.484,-1.568,2.342,-0.484,-1.568,False,0,0,0,0,23.264768838882446
275,0,2.3478693065577367,-0.6193589364276357,-1.5810451289078538,2.3478693065577367,-0.6193589364276357,-1.5810451289078538,False,0,0,0,0,23.33147120475769
276,0,2.3509090104283685,-0.7333935594602786,-1.5612289697633979,2.3509090104283685,-0.7333935594602786,-1.5612289697633979,False,0,0,0,0,23.397804021835327
277,0,2.3518272574219115,-0.8514184322515714,-1.579978543142204,2.3518272574219115,-0.8514184322515714,-1.579978543142204,False,0,0,0,0,23.463850021362305
278,0,2.357065658854114,-0.9765173550463342,-1.5851262959132923,2.357065658854114,-0.9765173550463342,-1.5851262959132923,False,0,0,0,0,23.531214714050293
279,0,2.357469239803522,-1.0971003799022163,-1.5946479330899939,2.357469239803522,-1.0971003799022163,-1.5946479330899939,False,0,0,0,0,23.598564386367798
280,0,2.3605386615514403,-1.2006652449414954,-1.590743205238223,2.3605386615514403,-1.2006652449414954,-1.590743205238223,False,0,0,0,0,23.6633882522583
281,0,2.3658367161645417,-1.288833168279029,-1.58379661778558,2.3658367161645417,-1.288833168279029,-1.58379661778558,False,0,0,0,0,23.728481769561768
282,0,2.368218953353288,-1.3914361684286085,-1.581697792192787,2.368218953353288,-1.3914361684286085,-1.581697792192787,False,0,0,0,0,23.794315576553345
283,0,2.3708533695897316,-1.4711309787009268,-1.5761432992902809,2.3708533695897316,-1.4711309787009268,-1.5761432992902809,False,0,0,0,0,23.859121322631836
284,0,2.372696853289489,-1.5414466645100082,-1.5598001535234252,2.372696853289489,-1.5414466645100082,-1.5598001535234252,False,0,0,0,0,23.92368984222412
285,0,2.380795378888964,-1.6244415027278416,-1.5087782410081678,2.380795378888964,-1.6244415027278416,-1.5087782410081678,False,0,0,0,0,23.989962339401245
286,0,2.3847825334381736,-1.6927983733019545,-1.4390931084529404,2.3847825334381736,-1.6927983733019545,-1.4390931084529404,False,0,0,0,0,24.058194398880005
287,0,2.393487476469142,-1.7421636728933643,-1.4203326814982462,2.393487476469142,-1.7421636728933643,-1.4203326814982462,False,0,0,0,0,24.124736547470093
288,0,2.3988738302004626,-1.7709319777519268,-1.4291883508143155,2.3988738302004626,-1.7709319777519268,-1.4291883508143155,False,0,0,0,0,24.189305067062378
289,0,2.400509413187889,-1.804199474101812,-1.4418257888414168,2.400509413187889,-1.804199474101812,-1.4418257888414168,False,0,0,0,0,24.254850149154663
290,0,2.404,-1.823,-1.4391,2.404,-1.823,-1.4391,False,0,0,0,0,24.319786310195923
291,0,2.4048288726794658,-1.844518561542004,-1.4621460928031402,2.4048288726794658,-1.844518561542004,-1.4621460928031402,False,0,0,0,0,24.384748697280884
292,0,2.402665185674654,-1.8732907508298249,-1.4783093919733787,2.402665185674654,-1.8732907508298249,-1.4783093919733787,False,0,0,0,0,24.450472831726074
293,0,2.406545360406556,-1.9014211368615426,-1.4848018095077065,2.406545360406556,-1.9014211368615426,-1.4848018095077065,False,0,0,0,0,24.520391941070557
294,0,2.4081456620470005,-1.9264124262139868,-1.4986250647784445,2.4081456620470005,-1.9264124262139868,-1.4986250647784445,False,0,0,0,0,24.5857195854187
295,0,2.4093043445097315,-1.949352438596093,-1.4917615027078122,2.4093043445097315,-1.949352438596093,-1.4917615027078122,False,0,0,0,0,24.65151309967041
296,0,2.4106111878842236,-1.9687312427574581,-1.5131626599652057,2.4106111878842236,-1.9687312427574581,-1.5131626599652057,False,0,0,0,0,24.71656584739685
297,0,2.413661597980448,-1.9911932733974498,-1.5173,2.413661597980448,-1.9911932733974498,-1.5173,False,0,0,0,0,24.78102946281433
298,0,2.414839368330402,-2.0080775684362715,-1.5296927396811344,2.414839368330402,-2.0080775684362715,-1.5296927396811344,False,0,0,0,0,24.847737312316895
299,0,2.4194967558901586,-2.032319196038051,-1.5469525649347677,2.4194967558901586,-2.032319196038051,-1.5469525649347677,False,0,0,0,0,24.9123854637146
300,0,2.418495926561768,-2.0456243590400818,-1.5398378980209275,2.418495926561768,-2.0456243590400818,-1.5398378980209275,False,0,0,0,0,24.978017807006836
301,0,2.422314588241888,-2.0632558866438755,-1.5549392576661747,2.422314588241888,-2.0632558866438755,-1.5549392576661747,False,0,0,0,0,25.04426646232605
302,0,2.425278465169343,-2.0883969393575725,-1.5582682121321012,2.425278465169343,-2.0883969393575725,-1.5582682121321012,False,0,0,0,0,25.147483587265015
303,0,2.431161291042938,-2.1095107866802154,-1.553380077972968,2.431161291042938,-2.1095107866802154,-1.553380077972968,False,0,0,0,0,25.253901958465576
304,0,2.430473606970178,-2.1281038147421576,-1.5532712067371117,2.430473606970178,-2.1281038147421576,-1.5532712067371117,False,0,0,0,0,25.340142726898193
305,0,2.432460799125352,-2.1440895120782413,-1.5591277276214854,2.432460799125352,-2.1440895120782413,-1.5591277276214854,False,0,0,0,0,25.416275024414062
306,0,2.4370704510401393,-2.159735023625167,-1.5539438491688855,2.4370704510401393,-2.159735023625167,-1.5539438491688855,False,0,0,0,0,25.499303340911865
307,0,2.441370335569549,-2.1764423800246475,-1.5376175766980753,2.441370335569549,-2.1764423800246475,-1.5376175766980753,False,0,0,0,0,25.577966690063477
308,0,2.445,-2.19,-1.5408,2.445,-2.19,-1.5408,False,0,0,0,0,25.656670093536377
309,0,2.4491275190154433,-2.2027851811048347,-1.5388253478363545,2.4491275190154433,-2.2027851811048347,-1.5388253478363545,False,0,0,0,0,25.73751950263977
310,0,2.4483607859222842,-2.2135296454453486,-1.558896023016779,2.4483607859222842,-2.2135296454453486,-1.558896023016779,False,0,0,0,0,25.8174250125885
311,0,2.4507328768093797,-2.230112152076484,-1.5530369138559985,2.4507328768093797,-2.230112152076484,-1.5530369138559985,False,0,0,0,0,25.90347909927368
312,0,2.452171246908206,-2.2427982268902413,-1.5484,2.452171246908206,-2.2427982268902413,-1.5484,False,0,0,0,0,25.988334894180298
313,0,2.4533223435062346,-2.2580987479548957,-1.5574004275084956,2.4533223435062346,-2.2580987479548957,-1.5574004275084956,False,0,0,0,0,26.071298599243164
314,0,2.4575163198638803,-2.26653571281895,-1.5533584720670666,2.4575163198638803,-2.26653571281895,-1.5533584720670666,False,0,0,0,0,26.152963161468506
315,0,2.456,-2.278,-1.5513,2.456,-2.278,-1.5513,False,0,0,0,0,26.23643398284912
316,0,2.45533687376571,-2.288414255274259,-1.5497337559456734,2.45533687376571,-2.288414255274259,-1.5497337559456734,False,0,0,0,0,26.315581560134888
317,0,2.457252308641479,-2.299276259285485,-1.5584132105986928,2.457252308641479,-2.299276259285485,-1.5584132105986928,False,0,0,0,0,26.39682960510254
318,0,2.4584635767986907,-2.3084993447889564,-1.560671871323102,2.4584635767986907,-2.3084993447889564,-1.560671871323102,False,0,0,0,0,26.472435474395752
319,0,2.461112817422777,-2.322716685620636,-1.5615,2.461112817422777,-2.322716685620636,-1.5615,False,0,0,0,0,26.562782764434814
320,0,2.4643323918317845,-2.333223869081192,-1.5781793482073103,2.4643323918317845,-2.333223869081192,-1.5781793482073103,False,0,0,0,0,26.643483877182007
321,0,2.4657923034606464,-2.3424918131887456,-1.5646000574375105,2.4657923034606464,-2.3424918131887456,-1.5646000574375105,True,0,640,339,480,26.725092887878418
322,0,2.4675819094778797,-2.3525543101772026,-1.5608024634751467,2.4675819094778797,-2.3525543101772026,-1.5608024634751467,True,0,640,345,480,26.80513048171997
323,0,2.4726741073412635,-2.35958322850918,-1.5594317089369025,2.4726741073412635,-2.35958322850918,-1.5594317089369025,False,0,0,0,0,26.885452032089233
324,0,2.4712697777567705,-2.3723742485742885,-1.562985867541228,2.4712697777567705,-2.3723742485742885,-1.562985867541228,False,0,0,0,0,26.966952800750732
325,0,2.471669919890184,-2.379400362393462,-1.5676842244410536,2.471669919890184,-2.379400362393462,-1.5676842244410536,False,0,0,0,0,27.052684783935547
326,0,2.474674575927724,-2.389644632386637,-1.5637,2.474674575927724,-2.389644632386637,-1.5637,False,0,0,0,0,27.133681297302246
327,0,2.475,-2.398,-1.5679,2.475,-2.398,-1.5679,False,0,0,0,0,27.21403408050537
328,0,2.4782894242607205,-2.4070998876819396,-1.5593701324166618,2.4782894242607205,-2.4070998876819396,-1.5593701324166618,False,0,0,0,0,27.294365406036377
329,0,2.4790236551246494,-2.412333077875361,-1.6107353724432667,2.4790236551246494,-2.412333077875361,-1.6107353724432667,False,0,0,0,0,27.37370729446411
330,0,2.4779901733490464,-2.4189504690099533,-1.7263420854822786,2.4779901733490464,-2.4189504690099533,-1.7263420854822786,False,0,0,0,0,27.454762935638428
331,0,2.4770947637326457,-2.4138971665142313,-2.0652976510651895,2.4770947637326457,-2.4138971665142313,-2.0652976510651895,False,0,0,0,0,27.538856744766235
332,0,2.479925299274801,-2.4169230492485596,-2.2322706753522117,2.479925299274801,-2.4169230492485596,-2.2322706753522117,False,0,0,0,0,27.617210388183594
333,0,2.4788725146228523,-2.414055445421752,-2.391328446527426,2.4788725146228523,-2.414055445421752,-2.391328446527426,False,0,0,0,0,27.69463610649109
334,0,2.4798140112891076,-2.4130077872317712,-2.502015360011377,2.4798140112891076,-2.4130077872317712,-2.502015360011377,False,0,0,0,0,27.77185845375061
335,0,2.4770336556997585,-2.427077197187003,-2.6035708242186604,2.4770336556997585,-2.427077197187003,-2.6035708242186604,False,0,0,0,0,27.848585605621338
336,0,2.4780300482401394,-2.4120904217446473,-2.6785141271228206,2.4780300482401394,-2.4120904217446473,-2.6785141271228206,False,0,0,0,0,27.924969911575317
337,0,2.4783134950462644,-2.4149208305015653,-2.73643362178237,2.4783134950462644,-2.4149208305015653,-2.73643362178237,False,0,0,0,0,28.003366231918335
338,0,2.48,-2.414,-2.8469,2.48,-2.414,-2.8469,False,0,0,0,0,28.080643892288208
339,0,2.48,-2.413,-2.8868,2.48,-2.413,-2.8868,False,0,0,0,0,28.158248901367188
340,0,2.4799197243352005,-2.414042611883995,-2.91785619388168,2.4799197243352005,-2.414042611883995,-2.91785619388168,False,0,0,0,0,28.235093593597412
341,0,2.477992835477958,-2.413953354569016,-2.9513764261768918,2.477992835477958,-2.413953354569016,-2.9513764261768918,False,0,0,0,0,28.31465744972229
342,0,2.478314184212512,-2.4139350338805086,-2.977360663668563,2.478314184212512,-2.4139350338805086,-2.977360663668563,False,0,0,0,0,28.39376997947693
343,0,2.4763698611251628,-2.4139533692894215,-2.990041437825645,2.4763698611251628,-2.4139533692894215,-2.990041437825645,False,0,0,0,0,28.47160816192627
344,0,2.4749787414804167,-2.414961182894607,-3.0209232188791058,2.4749787414804167,-2.414961182894607,-3.0209232188791058,False,0,0,0,0,28.559364318847656
345,0,2.45783235599901,-2.4133934975442184,-3.040190633980099,2.45783235599901,-2.4133934975442184,-3.040190633980099,False,0,0,0,0,28.635744333267212
346,0,2.4169074340904895,-2.413119864972447,-3.0943846559339923,2.4169074340904895,-2.413119864972447,-3.0943846559339923,False,0,0,0,0,28.7152259349823
347,0,2.3799045916394514,-2.4038734688807737,-3.101455232238958,2.3799045916394514,-2.4038734688807737,-3.101455232238958,False,0,0,0,0,28.794891834259033
348,0,2.3064583257749365,-2.3935427350229888,3.126529865122784,2.3064583257749365,-2.3935427350229888,3.126529865122784,False,0,0,0,0,28.872117042541504
349,0,2.2459320491059307,-2.382077848632239,3.081683206344617,2.2459320491059307,-2.382077848632239,3.081683206344617,False,0,0,0,0,28.938825130462646
350,0,2.1914202249762975,-2.3684349080046925,3.072915354357009,2.1914202249762975,-2.3684349080046925,3.072915354357009,False,0,0,0,0,29.00471043586731
351,0,2.097614088800916,-2.348270380431449,3.0487481438526594,2.097614088800916,-2.348270380431449,3.0487481438526594,False,0,0,0,0,29.0691020488739
352,0,2.0173302951279655,-2.344798995923479,3.030938234449076,2.0173302951279655,-2.344798995923479,3.030938234449076,False,0,0,0,0,29.132546186447144
353,0,1.9336146917503054,-2.325931702774531,3.02013394327579,1.9336146917503054,-2.325931702774531,3.02013394327579,False,0,0,0,0,29.19579839706421
354,0,1.8504167450416362,-2.3091422230490393,3.028374261661594,1.8504167450416362,-2.3091422230490393,3.028374261661594,False,0,0,0,0,29.257871866226196
355,0,1.7619011085356728,-2.297287475063662,3.0465304646100204,1.7619011085356728,-2.297287475063662,3.0465304646100204,False,0,0,0,0,29.321904182434082
356,0,1.6723901183132124,-2.2981517158612936,3.0813105975266435,1.6723901183132124,-2.2981517158612936,3.0813105975266435,False,0,0,0,0,29.384485006332397
357,0,1.5911921217191614,-2.290657991781187,3.092827446009081,1.5911921217191614,-2.290657991781187,3.092827446009081,False,0,0,0,0,29.44740080833435
358,0,1.5019249030577033,-2.2911966703592332,3.120531483505938,1.5019249030577033,-2.2911966703592332,3.120531483505938,False,0,0,0,0,29.5098659992218
359,0,1.419436886728106,-2.290183883491622,3.12427278473856,1.419436886728106,-2.290183883491622,3.12427278473856,False,0,0,0,0,29.578636169433594
360,0,1.362761217498273,-2.298826469270764,-3.1181563592205808,1.362761217498273,-2.298826469270764,-3.1181563592205808,False,0,0,0,0,29.642760515213013
361,0,1.3137513107441956,-2.301432845484955,-3.0494679243639737,1.3137513107441956,-2.301432845484955,-3.0494679243639737,False,0,0,0,0,29.706379175186157
362,0,1.2679553854904486,-2.315208979161496,-2.9866295593605625,1.2679553854904486,-2.315208979161496,-2.9866295593605625,False,0,0,0,0,29.767146587371826
363,0,1.2367102879337895,-2.327752879573684,-2.9762,1.2367102879337895,-2.327752879573684,-2.9762,False,0,0,0,0,29.828769207000732
364,0,1.2053733741130148,-2.3391978951771106,-2.9870298426454496,1.2053733741130148,-2.3391978951771106,-2.9870298426454496,False,0,0,0,0,29.89259934425354
365,0,1.1749192144658718,-2.3504696866834967,-2.983079176717304,1.1749192144658718,-2.3504696866834967,-2.983079176717304,False,0,0,0,0,29.954067945480347
366,0,1.1450771234838482,-2.3595228016886023,-3.002339062920626,1.1450771234838482,-2.3595228016886023,-3.002339062920626,False,0,0,0,0,30.017269134521484
367,0,1.1181048562409652,-2.3644420734946925,-3.0346775911479433,1.1181048562409652,-2.3644420734946925,-3.0346775911479433,False,0,0,0,0,30.083868741989136
368,0,1.085228063192327,-2.369693858657368,-3.066616030290937,1.085228063192327,-2.369693858657368,-3.066616030290937,False,0,0,0,0,30.164517164230347
369,0,1.0593856291460129,-2.367935286416598,-3.0823,1.0593856291460129,-2.367935286416598,-3.0823,False,0,0,0,0,30.234057903289795
370,0,1.037,-2.368,-3.0889,1.037,-2.368,-3.0889,False,0,0,0,0,30.294552087783813
371,0,1.0152836305623703,-2.372063863970116,-3.0868535819952405,1.0152836305623703,-2.372063863970116,-3.0868535819952405,False,0,0,0,0,30.358239889144897
372,0,0.992937282987586,-2.3760303518959294,-3.088757467067848,0.992937282987586,-2.3760303518959294,-3.088757467067848,False,0,0,0,0,30.420565128326416
373,0,0.9732031686605972,-2.3807415571023274,-3.096399795451805,0.9732031686605972,-2.3807415571023274,-3.096399795451805,False,0,0,0,0,30.482884407043457
374,0,0.9569644615661558,-2.385198692262253,-3.1034868944235,0.9569644615661558,-2.385198692262253,-3.1034868944235,False,0,0,0,0,30.548866271972656
375,0,0.9378288210148407,-2.3915117872784286,-3.1069016777246157,0.9378288210148407,-2.3915117872784286,-3.1069016777246157,False,0,0,0,0,30.610285758972168
376,0,0.9233465644144242,-2.394809211310329,-3.1076474154504656,0.9233465644144242,-2.394809211310329,-3.1076474154504656,False,0,0,0,0,30.67194938659668
377,0,0.9048643705053891,-2.398241666355711,-3.116303985800977,0.9048643705053891,-2.398241666355711,-3.116303985800977,False,0,0,0,0,30.73299765586853
378,0,0.8901135420432578,-2.400821765143472,3.1082155577176054,0.8901135420432578,-2.400821765143472,3.1082155577176054,False,0,0,0,0,30.8015558719635
379,0,0.875386586383326,-2.4035113581369787,-3.1159406024674565,0.875386586383326,-2.4035113581369787,-3.1159406024674565,False,0,0,0,0,30.862178325653076
380,0,0.8616462517264714,-2.406922178233357,-3.122304025254567,0.8616462517264714,-2.406922178233357,-3.122304025254567,False,0,0,0,0,30.924142360687256
381,0,0.8507888281955488,-2.410280809135723,-3.118620952969249,0.8507888281955488,-2.410280809135723,-3.118620952969249,False,0,0,0,0,30.984575271606445
382,0,0.8350520831466666,-2.412814918728895,-3.117738150083833,0.8350520831466666,-2.412814918728895,-3.117738150083833,False,0,0,0,0,31.0456862449646
383,0,0.8250798077953938,-2.4152527641362704,-3.1233,0.8250798077953938,-2.4152527641362704,-3.1233,False,0,0,0,0,31.106652975082397
384,0,0.8142413959354343,-2.417015245234897,-3.1183727595227846,0.8142413959354343,-2.417015245234897,-3.1183727595227846,False,0,0,0,0,31.16682267189026
385,0,0.8015180149309805,-2.4197304269833513,-3.110431013201963,0.8015180149309805,-2.4197304269833513,-3.110431013201963,False,0,0,0,0,31.229602813720703
386,0,0.7892429781056506,-2.4193046923122377,-3.1099292921098343,0.7892429781056506,-2.4193046923122377,-3.1099292921098343,False,0,0,0,0,31.291622161865234
387,0,0.7817949178011288,-2.421096969899338,-3.119567534568004,0.7817949178011288,-2.421096969899338,-3.119567534568004,False,0,0,0,0,31.351733684539795
388,0,0.7684592571033915,-2.423043998114868,-3.118576143567898,0.7684592571033915,-2.423043998114868,-3.118576143567898,False,0,0,0,0,31.412216901779175
389,0,0.7565124297924302,-2.4273816245755,-3.10781808973882,0.7565124297924302,-2.4273816245755,-3.10781808973882,False,0,0,0,0,31.471919775009155
390,0,0.7487592553416978,-2.429252866166139,-3.1265693412018907,0.7487592553416978,-2.429252866166139,-3.1265693412018907,False,0,0,0,0,31.533536195755005
391,0,0.7375523219890799,-2.431371757176428,-3.1239955977621103,0.7375523219890799,-2.431371757176428,-3.1239955977621103,False,0,0,0,0,31.59569263458252
392,0,0.7305732722237462,-2.433373747585958,-3.127553315222721,0.7305732722237462,-2.433373747585958,-3.127553315222721,False,0,0,0,0,31.656174421310425
393,0,0.7235326173929721,-2.436663591280289,-3.13105714850809,0.7235326173929721,-2.436663591280289,-3.13105714850809,False,0,0,0,0,31.716974020004272
394,0,0.7132899148554778,-2.439692458665699,-3.1117767193579433,0.7132899148554778,-2.439692458665699,-3.1117767193579433,False,0,0,0,0,31.77749276161194
395,0,0.7019452782803831,-2.4436566047243793,3.1397,0.7019452782803831,-2.4436566047243793,3.1397,False,0,0,0,0,31.837589263916016
396,0,0.693,-2.446,-3.1223,0.693,-2.446,-3.1223,False,0,0,0,0,31.899292707443237
397,0,0.6864515467594137,-2.4487801416373505,-3.1363,0.6864515467594137,-2.4487801416373505,-3.1363,False,0,0,0,0,31.959843158721924
398,0,0.6786243944033816,-2.4503861848901227,-3.1350144232023576,0.6786243944033816,-2.4503861848901227,-3.1350144232023576,False,0,0,0,0,32.02074861526489
399,0,0.6673421122185657,-2.45215601998438,-3.1379068915401787,0.6673421122185657,-2.45215601998438,-3.1379068915401787,False,0,0,0,0,32.08310079574585
400,0,0.6600188369758062,-2.4538098592820923,-3.1400758763522125,0.6600188369758062,-2.4538098592820923,-3.1400758763522125,False,0,0,0,0,32.1471951007843
401,0,0.6522135338424179,-2.455661447261867,-3.134108670207328,0.6522135338424179,-2.455661447261867,-3.134108670207328,False,0,0,0,0,32.20615863800049
402,0,0.6453800266955746,-2.4571639488125125,-3.1245,0.6453800266955746,-2.4571639488125125,-3.1245,False,0,0,0,0,32.2673454284668
403,0,0.6380967507548905,-2.458758156010175,-3.1313885743118295,0.6380967507548905,-2.458758156010175,-3.1313885743118295,False,0,0,0,0,32.32777428627014
404,0,0.6312346957550367,-2.461438188216458,-3.135200897598753,0.6312346957550367,-2.461438188216458,-3.135200897598753,False,0,0,0,0,32.38753628730774
405,0,0.6244322867444276,-2.464250465525737,-3.1367,0.6244322867444276,-2.464250465525737,-3.1367,False,0,0,0,0,32.448760986328125
406,0,0.6163279661647414,-2.4681572438315533,-3.136270593023382,0.6163279661647414,-2.4681572438315533,-3.136270593023382,False,0,0,0,0,32.50955629348755
407,0,0.609589055706479,-2.4678655556952265,-3.1299,0.609589055706479,-2.4678655556952265,-3.1299,False,0,0,0,0,32.57859539985657
408,0,0.6017133353915332,-2.4702587599211014,3.141137179660626,0.6017133353915332,-2.4702587599211014,3.141137179660626,False,0,0,0,0,32.64197254180908
409,0,0.594432291872599,-2.4731424294782025,-3.1193,0.594432291872599,-2.4731424294782025,-3.1193,False,0,0,0,0,32.70177483558655
410,0,0.5907073094343493,-2.472901229383089,3.1115399178426406,0.5907073094343493,-2.472901229383089,3.1115399178426406,False,0,0,0,0,32.76316428184509
411,0,0.5857311294106681,-2.473313475605802,3.0883307663256727,0.5857311294106681,-2.473313475605802,3.0883307663256727,False,0,0,0,0,32.824493646621704
412,0,0.5801093960773972,-2.4738261925289255,2.9707743938217326,0.5801093960773972,-2.4738261925289255,2.9707743938217326,False,0,0,0,0,32.88661575317383
413,0,0.5799718506696698,-2.475058111395681,2.799611420514199,0.5799718506696698,-2.475058111395681,2.799611420514199,False,0,0,0,0,32.94888472557068
414,0,0.5827672092291853,-2.4738644899542677,2.6352948493296497,0.5827672092291853,-2.4738644899542677,2.6352948493296497,False,0,0,0,0,33.01104497909546
415,0,0.5821329601039518,-2.474385812840911,2.4979917221888472,0.5821329601039518,-2.474385812840911,2.4979917221888472,False,0,0,0,0,33.07153797149658
416,0,0.5822158876108294,-2.4744135746059475,2.389994520417081,0.5822158876108294,-2.4744135746059475,2.389994520417081,False,0,0,0,0,33.132712841033936
417,0,0.582253613043673,-2.474249828768573,2.29847123275698,0.582253613043673,-2.474249828768573,2.29847123275698,False,0,0,0,0,33.19329905509949
418,0,0.5818592837421386,-2.4740272172332607,2.216392972659583,0.5818592837421386,-2.4740272172332607,2.216392972659583,False,0,0,0,0,33.253031492233276
419,0,0.5814226265769632,-2.4741785125188245,2.145341921360729,0.5814226265769632,-2.4741785125188245,2.145341921360729,False,0,0,0,0,33.31410455703735
420,0,0.5813245918931488,-2.474171857829119,2.0815545936700697,0.5813245918931488,-2.474171857829119,2.0815545936700697,False,0,0,0,0,33.37438988685608
421,0,0.5816591652495353,-2.4747980708127106,2.017064382633176,0.5816591652495353,-2.4747980708127106,2.017064382633176,False,0,0,0,0,33.43469429016113
422,0,0.5817708832260341,-2.475096823164261,1.9575841794467685,0.5817708832260341,-2.475096823164261,1.9575841794467685,False,0,0,0,0,33.49483799934387
423,0,0.5814592814079929,-2.4748420183173856,1.8875558300517776,0.5814592814079929,-2.4748420183173856,1.8875558300517776,False,0,0,0,0,33.565999031066895
424,0,0.5814068341575865,-2.4749772224828277,1.827862565887678,0.5814068341575865,-2.4749772224828277,1.827862565887678,False,0,0,0,0,33.62631440162659
425,0,0.58116787558431,-2.474984936580623,1.7653383115422623,0.58116787558431,-2.474984936580623,1.7653383115422623,False,0,0,0,0,33.68619251251221
426,0,0.5812473637292587,-2.4753009272991795,1.7389161395389674,0.5812473637292587,-2.4753009272991795,1.7389161395389674,False,0,0,0,0,33.74661111831665
427,0,0.5811591593135514,-2.475132325904912,1.7448649300525285,0.5811591593135514,-2.475132325904912,1.7448649300525285,False,0,0,0,0,33.80679678916931
428,0,0.5813270665522482,-2.475404563247362,1.746067035716924,0.5813270665522482,-2.475404563247362,1.746067035716924,False,0,0,0,0,33.86799454689026
429,0,0.5813112313332511,-2.4753828384638865,1.7464173667934684,0.5813112313332511,-2.4753828384638865,1.7464173667934684,False,0,0,0,0,33.92783999443054
430,0,0.5813013416200558,-2.475394611336841,1.7464173667934684,0.5813013416200558,-2.475394611336841,1.7464173667934684,False,0,0,0,0,33.9891471862793
431,0,0.5813013416200558,-2.475394611336841,1.7464173667934684,0.5813013416200558,-2.475394611336841,1.7464173667934684,False,0,0,0,0,34.0524206161499
432,0,0.5813013416200558,-2.475394611336841,1.7464173667934684,0.5813013416200558,-2.475394611336841,1.7464173667934684,False,0,0,0,0,34.12325930595398
433,0,0.5813013416200558,-2.475394611336841,1.7464173667934684,0.5813013416200558,-2.475394611336841,1.7464173667934684,False,0,0,0,0,34.185710191726685
434,0,0.5813013416200558,-2.475394611336841,1.7464173667934684,0.5813013416200558,-2.475394611336841,1.7464173667934684,False,0,0,0,0,34.246917486190796
435,0,0.5813013416200558,-2.475394611336841,1.7464173667934684,0.5813013416200558,-2.475394611336841,1.7464173667934684,False,0,0,0,0,34.30864238739014
436,0,0.5813013416200558,-2.475394611336841,1.7464173667934684,0.5813013416200558,-2.475394611336841,1.7464173667934684,False,0,0,0,0,34.37132978439331
437,0,0.5813013416200558,-2.475394611336841,1.7464173667934684,0.5813013416200558,-2.475394611336841,1.7464173667934684,False,0,0,0,0,34.43319845199585
438,0,0.5813013416200558,-2.475394611336841,1.7464173667934684,0.5813013416200558,-2.475394611336841,1.7464173667934684,False,0,0,0,0,34.495407581329346
439,0,0.5813013416200558,-2.475394611336841,1.7464173667934684,0.5813013416200558,-2.475394611336841,1.7464173667934684,False,0,0,0,0,34.56134557723999
440,0,0.5813013416200558,-2.475394611336841,1.7464173667934684,0.5813013416200558,-2.475394611336841,1.7464173667934684,False,0,0,0,0,34.62545108795166
441,0,0.5813013416200558,-2.475394611336841,1.7464173667934684,0.5813013416200558,-2.475394611336841,1.7464173667934684,False,0,0,0,0,34.68681883811951
442,0,0.5813013416200558,-2.475394611336841,1.7464173667934684,0.5813013416200558,-2.475394611336841,1.7464173667934684,False,0,0,0,0,34.749475717544556
443,0,0.5813013416200558,-2.475394611336841,1.7464173667934684,0.5813013416200558,-2.475394611336841,1.7464173667934684,False,0,0,0,0,34.810566663742065
444,0,0.5813013416200558,-2.475394611336841,1.7464173667934684,0.5813013416200558,-2.475394611336841,1.7464173667934684,False,0,0,0,0,34.8737678527832
445,0,0.5813013416200558,-2.475394611336841,1.7464173667934684,0.5813013416200558,-2.475394611336841,1.7464173667934684,False,0,0,0,0,34.93514323234558
446,0,0.5813013416200558,-2.475394611336841,1.7464173667934684,0.5813013416200558,-2.475394611336841,1.7464173667934684,False,0,0,0,0,34.99712085723877
447,0,0.5813013416200558,-2.475394611336841,1.7464173667934684,0.5813013416200558,-2.475394611336841,1.7464173667934684,False,0,0,0,0,35.05878233909607
448,0,0.5813013416200558,-2.475394611336841,1.7464173667934684,0.5813013416200558,-2.475394611336841,1.7464173667934684,False,0,0,0,0,35.13219404220581
449,0,0.5813013416200558,-2.475394611336841,1.7464173667934684,0.5813013416200558,-2.475394611336841,1.7464173667934684,False,0,0,0,0,35.20754671096802
450,0,0.5813013416200558,-2.475394611336841,1.7464173667934684,0.5813013416200558,-2.475394611336841,1.7464173667934684,False,0,0,0,0,35.27246141433716
451,0,0.5813013416200558,-2.475394611336841,1.7464173667934684,0.5813013416200558,-2.475394611336841,1.7464173667934684,False,0,0,0,0,35.3333101272583
452,0,0.5813013416200558,-2.475394611336841,1.7464173667934684,0.5813013416200558,-2.475394611336841,1.7464173667934684,False,0,0,0,0,35.39731311798096
453,0,0.5813013416200558,-2.475394611336841,1.7464173667934684,0.5813013416200558,-2.475394611336841,1.7464173667934684,False,0,0,0,0,35.45916152000427
454,0,0.5813013416200558,-2.475394611336841,1.7464173667934684,0.5813013416200558,-2.475394611336841,1.7464173667934684,False,0,0,0,0,35.52462363243103
455,0,0.5813013416200558,-2.475394611336841,1.7464173667934684,0.5813013416200558,-2.475394611336841,1.7464173667934684,False,0,0,0,0,35.591302156448364
456,0,0.5813013416200558,-2.475394611336841,1.7464173667934684,0.5813013416200558,-2.475394611336841,1.7464173667934684,False,0,0,0,0,35.653892278671265
457,0,0.5813013416200558,-2.475394611336841,1.7464173667934684,0.5813013416200558,-2.475394611336841,1.7464173667934684,False,0,0,0,0,35.71595215797424
458,0,0.5813013416200558,-2.475394611336841,1.7464173667934684,0.5813013416200558,-2.475394611336841,1.7464173667934684,False,0,0,0,0,35.77845740318298
459,0,0.5813013416200558,-2.475394611336841,1.7464173667934684,0.5813013416200558,-2.475394611336841,1.7464173667934684,False,0,0,0,0,35.84093904495239
460,0,0.5813013416200558,-2.475394611336841,1.7464173667934684,0.5813013416200558,-2.475394611336841,1.7464173667934684,False,0,0,0,0,35.90538215637207
461,0,0.5813013416200558,-2.475394611336841,1.7464173667934684,0.5813013416200558,-2.475394611336841,1.7464173667934684,False,0,0,0,0,35.96724271774292
462,0,0.5813013416200558,-2.475394611336841,1.7464173667934684,0.5813013416200558,-2.475394611336841,1.7464173667934684,False,0,0,0,0,36.028764486312866
463,0,0.5813013416200558,-2.475394611336841,1.7464173667934684,0.5813013416200558,-2.475394611336841,1.7464173667934684,False,0,0,0,0,36.09204602241516
464,0,0.5813013416200558,-2.475394611336841,1.7464173667934684,0.5813013416200558,-2.475394611336841,1.7464173667934684,False,0,0,0,0,36.15637278556824
465,0,0.5813013416200558,-2.475394611336841,1.7464173667934684,0.5813013416200558,-2.475394611336841,1.7464173667934684,False,0,0,0,0,36.218204975128174
466,0,0.5813013416200558,-2.475394611336841,1.7464173667934684,0.5813013416200558,-2.475394611336841,1.7464173667934684,False,0,0,0,0,36.28592872619629
467,0,0.5813013416200558,-2.475394611336841,1.7464173667934684,0.5813013416200558,-2.475394611336841,1.7464173667934684,False,0,0,0,0,36.347519397735596
468,0,0.5813013416200558,-2.475394611336841,1.7464173667934684,0.5813013416200558,-2.475394611336841,1.7464173667934684,False,0,0,0,0,36.410945653915405
469,0,0.5813013416200558,-2.475394611336841,1.7464173667934684,0.5813013416200558,-2.475394611336841,1.7464173667934684,False,0,0,0,0,36.47245740890503
470,0,0.5813013416200558,-2.475394611336841,1.7464173667934684,0.5813013416200558,-2.475394611336841,1.7464173667934684,False,0,0,0,0,36.535048484802246
471,0,0.5813013416200558,-2.475394611336841,1.7464173667934684,0.5813013416200558,-2.475394611336841,1.7464173667934684,False,0,0,0,0,36.60102438926697
472,0,0.5813013416200558,-2.475394611336841,1.7464173667934684,0.5813013416200558,-2.475394611336841,1.7464173667934684,False,0,0,0,0,36.66518306732178
473,0,0.5813013416200558,-2.475394611336841,1.7464173667934684,0.5813013416200558,-2.475394611336841,1.7464173667934684,False,0,0,0,0,36.72722578048706
474,0,0.5813013416200558,-2.475394611336841,1.7464173667934684,0.5813013416200558,-2.475394611336841,1.7464173667934684,False,0,0,0,0,36.79029107093811
475,0,0.5813013416200558,-2.475394611336841,1.7464173667934684,0.5813013416200558,-2.475394611336841,1.7464173667934684,False,0,0,0,0,36.8547260761261
476,0,0.5813013416200558,-2.475394611336841,1.7464173667934684,0.5813013416200558,-2.475394611336841,1.7464173667934684,False,0,0,0,0,36.917306423187256
477,0,0.5813013416200558,-2.475394611336841,1.7464173667934684,0.5813013416200558,-2.475394611336841,1.7464173667934684,False,0,0,0,0,36.980210065841675
478,0,0.5813013416200558,-2.475394611336841,1.7464173667934684,0.5813013416200558,-2.475394611336841,1.7464173667934684,False,0,0,0,0,37.042216777801514
479,0,0.5813013416200558,-2.475394611336841,1.7464173667934684,0.5813013416200558,-2.475394611336841,1.7464173667934684,False,0,0,0,0,37.10443305969238
480,0,0.5813013416200558,-2.475394611336841,1.7464173667934684,0.5813013416200558,-2.475394611336841,1.7464173667934684,False,0,0,0,0,37.16726541519165
481,0,0.5813013416200558,-2.475394611336841,1.7464173667934684,0.5813013416200558,-2.475394611336841,1.7464173667934684,False,0,0,0,0,37.228631019592285
482,0,0.5813013416200558,-2.475394611336841,1.7464173667934684,0.5813013416200558,-2.475394611336841,1.7464173667934684,False,0,0,0,0,37.29585075378418
483,0,0.5813013416200558,-2.475394611336841,1.7464173667934684,0.5813013416200558,-2.475394611336841,1.7464173667934684,False,0,0,0,0,37.35895490646362
484,0,0.5813013416200558,-2.475394611336841,1.7464173667934684,0.5813013416200558,-2.475394611336841,1.7464173667934684,False,0,0,0,0,37.421393156051636
485,0,0.5813013416200558,-2.475394611336841,1.7464173667934684,0.5813013416200558,-2.475394611336841,1.7464173667934684,False,0,0,0,0,37.484389305114746
486,0,0.5813013416200558,-2.475394611336841,1.7464173667934684,0.5813013416200558,-2.475394611336841,1.7464173667934684,False,0,0,0,0,37.545804262161255
487,0,0.5813013416200558,-2.475394611336841,1.7464173667934684,0.5813013416200558,-2.475394611336841,1.7464173667934684,False,0,0,0,0,37.612144470214844
488,0,0.5813013416200558,-2.475394611336841,1.7464173667934684,0.5813013416200558,-2.475394611336841,1.7464173667934684,False,0,0,0,0,37.67581224441528
489,0,0.5813013416200558,-2.475394611336841,1.7464173667934684,0.5813013416200558,-2.475394611336841,1.7464173667934684,False,0,0,0,0,37.74026083946228
490,0,0.5813013416200558,-2.475394611336841,1.7464173667934684,0.5813013416200558,-2.475394611336841,1.7464173667934684,False,0,0,0,0,37.804086446762085
491,0,0.5813013416200558,-2.475394611336841,1.7464173667934684,0.5813013416200558,-2.475394611336841,1.7464173667934684,False,0,0,0,0,37.87085485458374
492,0,0.5813013416200558,-2.475394611336841,1.7464173667934684,0.5813013416200558,-2.475394611336841,1.7464173667934684,False,0,0,0,0,37.93409490585327
493,0,0.5813013416200558,-2.475394611336841,1.7464173667934684,0.5813013416200558,-2.475394611336841,1.7464173667934684,False,0,0,0,0,37.99736046791077
494,0,0.5813013416200558,-2.475394611336841,1.7464173667934684,0.5813013416200558,-2.475394611336841,1.7464173667934684,False,0,0,0,0,38.0603289604187
495,0,0.5813013416200558,-2.475394611336841,1.7464173667934684,0.5813013416200558,-2.475394611336841,1.7464173667934684,False,0,0,0,0,38.123494386672974
496,0,0.5813013416200558,-2.475394611336841,1.7464173667934684,0.5813013416200558,-2.475394611336841,1.7464173667934684,False,0,0,0,0,38.1867949962616
497,0,0.5813013416200558,-2.475394611336841,1.7464173667934684,0.5813013416200558,-2.475394611336841,1.7464173667934684,False,0,0,0,0,38.248953342437744
498,0,0.5813013416200558,-2.475394611336841,1.7464173667934684,0.5813013416200558,-2.475394611336841,1.7464173667934684,False,0,0,0,0,38.31171703338623
499,0,0.5813013416200558,-2.475394611336841,1.7464173667934684,0.5813013416200558,-2.475394611336841,1.7464173667934684,False,0,0,0,0,38.374671459198
500,0,0.5813013416200558,-2.475394611336841,1.7464173667934684,0.5813013416200558,-2.475394611336841,1.7464173667934684,False,0,0,0,0,38.43894004821777
501,0,0.5813013416200558,-2.475394611336841,1.7464173667934684,0.5813013416200558,-2.475394611336841,1.7464173667934684,False,0,0,0,0,38.50129461288452
502,0,0.5813013416200558,-2.475394611336841,1.7464173667934684,0.5813013416200558,-2.475394611336841,1.7464173667934684,False,0,0,0,0,38.56687951087952
503,0,0.5813013416200558,-2.475394611336841,1.7464173667934684,0.5813013416200558,-2.475394611336841,1.7464173667934684,False,0,0,0,0,38.63030552864075
504,0,0.5813013416200558,-2.475394611336841,1.7464173667934684,0.5813013416200558,-2.475394611336841,1.7464173667934684,False,0,0,0,0,38.69339466094971
505,0,0.5813013416200558,-2.475394611336841,1.7464173667934684,0.5813013416200558,-2.475394611336841,1.7464173667934684,False,0,0,0,0,38.75635290145874
506,0,0.5813013416200558,-2.475394611336841,1.7464173667934684,0.5813013416200558,-2.475394611336841,1.7464173667934684,False,0,0,0,0,38.8186981678009
507,0,0.5813013416200558,-2.475394611336841,1.7464173667934684,0.5813013416200558,-2.475394611336841,1.7464173667934684,False,0,0,0,0,38.881813049316406
508,0,0.5813013416200558,-2.475394611336841,1.7464173667934684,0.5813013416200558,-2.475394611336841,1.7464173667934684,False,0,0,0,0,38.94360947608948
509,0,0.5813013416200558,-2.475394611336841,1.7464173667934684,0.5813013416200558,-2.475394611336841,1.7464173667934684,False,0,0,0,0,39.00652575492859
510,0,0.5813013416200558,-2.475394611336841,1.7464173667934684,0.5813013416200558,-2.475394611336841,1.7464173667934684,False,0,0,0,0,39.07068705558777
511,0,0.5813013416200558,-2.475394611336841,1.7464173667934684,0.5813013416200558,-2.475394611336841,1.7464173667934684,False,0,0,0,0,39.13453722000122
512,0,0.5813013416200558,-2.475394611336841,1.7464173667934684,0.5813013416200558,-2.475394611336841,1.7464173667934684,False,0,0,0,0,39.1977174282074
513,0,0.5813013416200558,-2.475394611336841,1.7464173667934684,0.5813013416200558,-2.475394611336841,1.7464173667934684,False,0,0,0,0,39.26201677322388
514,0,0.5812891357567866,-2.475325825223569,1.7464173667934684,0.5812891357567866,-2.475325825223569,1.7464173667934684,False,0,0,0,0,39.324052810668945
515,0,0.5813462924385591,-2.4752428924699044,1.7464173667934684,0.5813462924385591,-2.4752428924699044,1.7464173667934684,False,0,0,0,0,39.386690855026245
516,0,0.5814173473969875,-2.4754404219551533,1.7478342081189382,0.5814173473969875,-2.4754404219551533,1.7478342081189382,False,0,0,0,0,39.452475786209106
517,0,0.5813972825206719,-2.4754622139635427,1.7478342081189382,0.5813972825206719,-2.4754622139635427,1.7478342081189382,False,0,0,0,0,39.518789768218994
518,0,0.58141766622734,-2.4754422036933383,1.7478342081189382,0.58141766622734,-2.4754422036933383,1.7478342081189382,False,0,0,0,0,39.58599781990051
519,0,0.5814370059396693,-2.475483329671494,1.7478342081189382,0.5814370059396693,-2.475483329671494,1.7478342081189382,False,0,0,0,0,39.64839482307434
520,0,0.581447516703661,-2.475475106260204,1.7479872768546876,0.581447516703661,-2.475475106260204,1.7479872768546876,False,0,0,0,0,39.71176218986511
521,0,0.5814211392061447,-2.4754616259198543,1.7481625536386212,0.5814211392061447,-2.4754616259198543,1.7481625536386212,False,0,0,0,0,39.77580714225769
522,0,0.5815935249516638,-2.475487050251572,1.7497820481052944,0.5815935249516638,-2.475487050251572,1.7497820481052944,False,0,0,0,0,39.83904695510864
523,0,0.5815395928686984,-2.4753867441068125,1.7481309004085506,0.5815395928686984,-2.4753867441068125,1.7481309004085506,False,0,0,0,0,39.900928020477295
524,0,0.5815410212562512,-2.4755284355513383,1.7481309004085506,0.5815410212562512,-2.4755284355513383,1.7481309004085506,False,0,0,0,0,39.96450686454773
525,0,0.5815365153578348,-2.4755701537630084,1.7481309004085506,0.5815365153578348,-2.4755701537630084,1.7481309004085506,False,0,0,0,0,40.026230812072754
526,0,0.5814916258893862,-2.475319676883701,1.7481309004085506,0.5814916258893862,-2.475319676883701,1.7481309004085506,False,0,0,0,0,40.096121311187744
527,0,0.5814752088026413,-2.475227917603691,1.7491817854105494,0.5814752088026413,-2.475227917603691,1.7491817854105494,False,0,0,0,0,40.17034339904785
528,0,0.5814858985012801,-2.4755519645404624,1.750214654092951,0.5814858985012801,-2.4755519645404624,1.750214654092951,False,0,0,0,0,40.23668575286865
529,0,0.5813588833642439,-2.4757108419403657,1.750214654092951,0.5813588833642439,-2.4757108419403657,1.750214654092951,False,0,0,0,0,40.298606872558594
530,0,0.5812796216127202,-2.4758683096810845,1.751484915251884,0.5812796216127202,-2.4758683096810845,1.751484915251884,False,0,0,0,0,40.36076474189758
531,0,0.5812603125516266,-2.475893760640262,1.751778786174792,0.5812603125516266,-2.475893760640262,1.751778786174792,False,0,0,0,0,40.424055337905884
532,0,0.5812828451943636,-2.4758859591818423,1.7506434638419148,0.5812828451943636,-2.4758859591818423,1.7506434638419148,False,0,0,0,0,40.486496686935425
533,0,0.5809718626542699,-2.4767465874972068,1.751932883297923,0.5809718626542699,-2.4767465874972068,1.751932883297923,False,0,0,0,0,40.54863524436951
534,0,0.5805990693925562,-2.478618458407609,1.756557316711148,0.5805990693925562,-2.478618458407609,1.756557316711148,False,0,0,0,0,40.61643075942993
535,0,0.5796286982631497,-2.4818840880474986,1.754959409113826,0.5796286982631497,-2.4818840880474986,1.754959409113826,False,0,0,0,0,40.67820692062378
536,0,0.5780790047974824,-2.4882842231956044,1.758705601656478,0.5780790047974824,-2.4882842231956044,1.758705601656478,False,0,0,0,0,40.74237585067749
537,0,0.5750761355044646,-2.497900030053341,1.7572108502730737,0.5750761355044646,-2.497900030053341,1.7572108502730737,False,0,0,0,0,40.8050811290741
538,0,0.5705324828939874,-2.5111834235445465,1.7326169540170067,0.5705324828939874,-2.5111834235445465,1.7326169540170067,False,0,0,0,0,40.86647582054138
539,0,0.5644916436133552,-2.526933724428695,1.670644392594034,0.5644916436133552,-2.526933724428695,1.670644392594034,False,0,0,0,0,40.92938733100891
540,0,0.5550236055738824,-2.5497790101679287,1.5772704066410523,0.5550236055738824,-2.5497790101679287,1.5772704066410523,False,0,0,0,0,40.993220806121826
541,0,0.5446851221484726,-2.573117118053904,1.4599792711592119,0.5446851221484726,-2.573117118053904,1.4599792711592119,False,0,0,0,0,41.056065797805786
542,0,0.53161009666452,-2.599018716184502,1.292475856812572,0.53161009666452,-2.599018716184502,1.292475856812572,False,0,0,0,0,41.11929965019226
543,0,0.5204739258956708,-2.616774932883019,1.1476341491874864,0.5204739258956708,-2.616774932883019,1.1476341491874864,False,0,0,0,0,41.181657791137695
544,0,0.5102398770176567,-2.631846062648444,1.0067864969102416,0.5102398770176567,-2.631846062648444,1.0067864969102416,False,0,0,0,0,41.24898409843445
545,0,0.5017684812004201,-2.638544472339249,0.8534466883102233,0.5017684812004201,-2.638544472339249,0.8534466883102233,False,0,0,0,0,41.313910245895386
546,0,0.49667006959276155,-2.638481116186683,0.6966390489978929,0.49667006959276155,-2.638481116186683,0.6966390489978929,True,580,639,35,83,41.37663412094116
547,0,0.49542819992622716,-2.635374491208223,0.5513437390818541,0.49542819992622716,-2.635374491208223,0.5513437390818541,False,0,0,0,0,41.43831944465637
548,0,0.497688184476988,-2.632785699371017,0.4372295661521785,0.497688184476988,-2.632785699371017,0.4372295661521785,False,0,0,0,0,41.50021314620972
549,0,0.5023149890505791,-2.6330155975321614,0.3757648708425696,0.5023149890505791,-2.6330155975321614,0.3757648708425696,False,0,0,0,0,41.5606963634491
550,0,0.5071496315420638,-2.6346725029207487,0.35208772982967573,0.5071496315420638,-2.6346725029207487,0.35208772982967573,True,131,345,45,97,41.62653160095215
551,0,0.5092571643119513,-2.635232164135863,0.3384944511012653,0.5092571643119513,-2.635232164135863,0.3384944511012653,False,0,0,0,0,41.69344210624695
552,0,0.5090947555417126,-2.63515207072562,0.3406334644851548,0.5090947555417126,-2.63515207072562,0.3406334644851548,False,0,0,0,0,41.75482678413391
553,0,0.5090223861435084,-2.6350901472814905,0.34115024844976094,0.5090223861435084,-2.6350901472814905,0.34115024844976094,False,0,0,0,0,41.81687045097351
554,0,0.5090471634823559,-2.6351063822551843,0.34115024844976094,0.5090471634823559,-2.6351063822551843,0.34115024844976094,False,0,0,0,0,41.8795964717865
555,0,0.509077290113754,-2.6351082022355072,0.34115024844976094,0.509077290113754,-2.6351082022355072,0.34115024844976094,False,0,0,0,0,41.940054416656494
556,0,0.5090888259096842,-2.6351166224891656,0.34115024844976094,0.5090888259096842,-2.6351166224891656,0.34115024844976094,False,0,0,0,0,42.00193548202515
557,0,0.5090888259096842,-2.6351166224891656,0.34115024844976094,0.5090888259096842,-2.6351166224891656,0.34115024844976094,False,0,0,0,0,42.063151121139526
558,0,0.5090888259096842,-2.6351166224891656,0.34115024844976094,0.5090888259096842,-2.6351166224891656,0.34115024844976094,False,0,0,0,0,42.12748599052429
559,0,0.5090888259096842,-2.6351166224891656,0.34115024844976094,0.5090888259096842,-2.6351166224891656,0.34115024844976094,False,0,0,0,0,42.19158387184143
560,0,0.5090623410572663,-2.635100996214826,0.3413042227309863,0.5090623410572663,-2.635100996214826,0.3413042227309863,False,0,0,0,0,42.25392007827759
561,0,0.5090358556033374,-2.6350853709599833,0.3413042227309863,0.5090358556033374,-2.6350853709599833,0.3413042227309863,False,0,0,0,0,42.31674528121948
562,0,0.5090383993283335,-2.6351220134194473,0.34113578891073454,0.5090383993283335,-2.6351220134194473,0.34113578891073454,False,0,0,0,0,42.38040733337402
563,0,0.5090330498273493,-2.6351364283354686,0.34113578891073454,0.5090330498273493,-2.6351364283354686,0.34113578891073454,False,0,0,0,0,42.44180226325989
564,0,0.5089907813628334,-2.6350763397193755,0.3414639927587409,0.5089907813628334,-2.6350763397193755,0.3414639927587409,False,0,0,0,0,42.50586009025574
565,0,0.5090040253378525,-2.6350841502309064,0.3414639927587409,0.5090040253378525,-2.6350841502309064,0.3414639927587409,False,0,0,0,0,42.567604064941406
566,0,0.5090384124932447,-2.6351219984364707,0.3414639927587409,0.5090384124932447,-2.6351219984364707,0.3414639927587409,False,0,0,0,0,42.634124517440796
567,0,0.5090119245432064,-2.635106377413409,0.3414639927587409,0.5090119245432064,-2.635106377413409,0.3414639927587409,False,0,0,0,0,42.6966826915741
568,0,0.5090094723787597,-2.6349820404212894,0.3431609376963794,0.5090094723787597,-2.6349820404212894,0.3431609376963794,False,0,0,0,0,42.76099109649658
569,0,0.5089378939533696,-2.6348698881365893,0.3439519487406605,0.5089378939533696,-2.6348698881365893,0.3439519487406605,False,0,0,0,0,42.82296371459961
570,0,0.5089792462759796,-2.634980350401103,0.3416904778386665,0.5089792462759796,-2.634980350401103,0.3416904778386665,False,0,0,0,0,42.88614082336426
571,0,0.5089606590279685,-2.6349869607704477,0.3416904778386665,0.5089606590279685,-2.6349869607704477,0.3416904778386665,False,0,0,0,0,42.95014572143555
572,0,0.5089871505152561,-2.6350025757939832,0.3416904778386665,0.5089871505152561,-2.6350025757939832,0.3416904778386665,False,0,0,0,0,43.01248478889465
573,0,0.5089606590279685,-2.6349869607704477,0.3416904778386665,0.5089606590279685,-2.6349869607704477,0.3416904778386665,False,0,0,0,0,43.07541298866272
574,0,0.5089209217970371,-2.6349635382351444,0.3416904778386665,0.5089209217970371,-2.6349635382351444,0.3416904778386665,False,0,0,0,0,43.13846182823181
